ph,Hardness,Potability
,204.8904555,0
3.716080075,129.4229205,0
8.099124189,224.2362594,0
8.316765884,214.3733941,0
9.092223456,181.1015092,0
5.584086638,188.3133238,0
10.22386216,248.0717353,0
8.635848719,203.3615226,0
,118.9885791,0
11.18028447,227.2314692,0
7.360640106,165.5207973,0
7.974521649,218.6933005,0
7.119824384,156.7049933,0
,150.1749234,0
7.496232208,205.3449822,0
6.347271761,186.7328807,0
7.0517858,211.0494061,0
9.181560007,273.8138067,0
8.975464348,279.3571668,0
7.371050302,214.4966105,0
,227.4350484,0
6.660212026,168.2837469,0
,215.9778587,0
3.902475686,196.9032467,0
5.400301781,140.7390623,0
6.514415093,198.7673513,0
3.445061864,207.9262602,0
,145.7681806,0
,266.4210181,0
,148.1530614,0
7.181448581,209.6256005,0
9.825489908,190.7566183,0
10.43329098,117.7912296,0
7.414148196,235.0445345,0
,232.280452,0
5.115817064,191.952743,0
3.641629777,183.9087223,0
5.618064406,304.2359121,0
,143.4537313,0
9.267187531,198.6143947,0
,233.8589957,0
5.331940479,194.8740654,0
7.145771545,238.6899285,0
9.920691059,202.817483,0
4.758439425,183.3494541,0
5.702925977,216.8504739,0
6.953864226,209.638293,0
10.68296643,173.3754984,0
,129.8905723,0
8.757257397,200.1914004,0
,168.3884308,0
7.809631898,100.4576151,0
6.652488091,145.0101719,0
9.147197055,211.7141418,0
10.56074464,181.8933656,0
7.484254838,260.0921726,0
8.520806573,238.3351125,0
4.999413811,190.2870501,0
,157.8011936,0
,155.0557268,0
3.906078355,233.402835,0
6.391353624,213.0178297,0
,229.4856937,0
8.692092013,195.1437388,0
8.085759801,127.7396738,0
6.203977702,212.3066183,0
5.058108869,238.5693804,0
,103.4647587,0
,211.200526,0
7.261550522,179.8897882,0
7.160467231,183.08931,0
5.704764776,116.2993299,0
6.217273135,130.9444639,0
8.67993497,242.2286673,0
,219.3009142,0
6.897322141,211.3601667,0
3.514545529,158.7320758,0
3.722500486,163.6397469,0
6.455004797,176.6839728,0
7.316804754,217.522862,0
1.844538366,233.7643427,0
5.519125656,168.728583,0
7.408985467,204.9617498,0
5.976769618,258.952732,0
6.395359132,133.8342291,0
6.20964226,195.4177209,0
6.762832522,232.0751766,0
9.918717064,199.1812511,0
10.15544017,300.2924758,0
8.721726711,206.3696824,0
,197.9797828,0
,199.1078856,0
6.099646705,237.9199268,0
9.02678772,253.2170742,0
6.953371603,203.1465468,0
6.140877557,197.8760897,0
7.077874007,220.6705396,0
5.488314309,135.8023617,0
7.205559175,120.3276153,0
9.177869866,163.2748283,0
4.270716195,166.8377085,0
7.348844512,223.2649397,0
8.52616987,175.6128363,0
,169.0419175,0
2.612035915,188.8041257,0
8.490571562,204.1236484,0
,213.5419323,0
8.858401531,254.6175187,0
6.098156521,189.995846,0
8.419970682,185.7189888,0
9.286155021,222.6615514,0
7.875895135,226.2847878,0
7.725332908,252.2654912,0
3.388090611,212.0289445,0
6.745306715,218.424637,0
,190.4238985,0
7.183825723,261.8507998,0
10.1119767,240.4321002,0
7.397413299,122.5410399,0
7.812804388,196.583886,0
6.877456933,136.8792139,0
,146.9702452,0
,230.8094825,0
7.521051679,267.0596474,0
8.550875469,231.2487868,0
10.30847766,217.2197464,0
,252.670469,0
7.371085073,207.7168244,0
11.18069466,228.3008604,0
6.506487767,202.2859379,0
6.643935775,151.8896001,0
5.03377399,155.3214775,0
6.912607562,155.7404952,0
7.977635991,245.8951304,0
6.078335837,197.5019119,0
6.242414484,191.9087295,0
6.06335479,160.7673113,0
8.129585514,177.8989666,0
9.562405944,202.0136426,0
8.167792632,200.9137547,0
8.594416135,270.0227059,0
,167.3861273,0
6.825467901,187.0517097,0
7.861177701,204.2742411,0
4.96577356,220.8486386,0
6.207432968,192.9370271,0
,157.0012874,0
9.769251006,264.2656543,0
9.63066548,152.8624335,0
5.187471605,104.752425,0
7.633570088,199.6529996,0
5.77119905,155.0508931,0
6.579969329,197.2269809,0
4.801154368,180.7728708,0
7.948815718,238.2364097,0
6.906992172,216.7852908,0
,281.268667,0
,190.7794599,0
8.461330874,212.5813664,0
7.726134808,233.9478637,0
,247.6615733,0
8.927078148,241.875105,0
6.20801554,153.2211063,0
6.128425635,141.4924095,0
,202.2548328,0
7.308048848,274.7049505,0
,170.0992357,0
8.640886409,201.5687241,0
,205.5094572,0
8.153210075,127.1448918,0
8.29372011,206.1604149,0
,233.850345,0
,237.6773831,0
9.489972878,234.0699652,0
7.830976343,190.7990441,0
4.430281212,139.6857588,0
7.240739639,201.1868045,0
,260.2053596,0
6.867301322,174.1849764,0
6.129637015,200.2781822,0
7.917049443,278.056321,0
6.511618075,181.8734217,0
5.323815584,232.36858,0
6.769572869,168.9370725,0
5.87797404,141.6152867,0
9.534021716,201.955208,0
6.340027628,225.0281485,0
8.66159243,284.0983515,0
5.653506135,146.5902323,0
6.626012184,112.2994855,0
7.793833573,176.8664829,0
7.59312765,261.5661726,0
7.362736502,185.692181,0
9.320305445,129.8238585,0
3.719791644,248.8592673,0
6.655605026,216.4411715,0
9.868877881,214.1662353,0
5.590614436,229.1921395,0
5.554436511,229.1228286,0
4.126528715,125.4748835,0
5.970035657,230.4493293,0
,229.7713495,0
8.369154354,183.5003784,0
6.284248242,190.0176486,0
11.26782838,161.8963622,0
9.298018008,163.0388346,0
7.895469246,154.2657803,0
7.947485786,269.809407,0
10.02615916,224.2663577,0
6.48819324,225.4819088,0
5.869736755,207.7254552,0
,220.8137025,0
5.30414266,160.9683582,0
7.533614823,186.9182451,0
4.077607725,207.8380479,0
,105.8592636,0
7.086168401,189.1453777,0
6.271012171,213.444685,0
7.957768344,276.7335689,0
8.875642278,228.9215872,0
,192.447171,0
6.613709118,141.1289215,0
7.735705022,137.3181658,0
9.925041328,238.7133934,0
9.00258311,202.9907653,0
5.095766465,273.4084481,0
8.594677108,263.7645927,0
7.083779061,112.820254,0
7.682872498,180.7013755,0
,133.8131148,0
6.419772474,208.7602476,0
4.443238899,178.9562058,0
6.978664262,183.2427962,0
6.623613566,203.0301413,0
3.664710562,201.0973162,0
4.814135621,205.2140411,0
5.779673705,199.5860803,0
6.937818783,177.5781419,0
7.436782609,208.094004,0
4.723312573,252.274895,0
9.380658051,265.0612161,0
7.810144933,187.3150477,0
9.436637164,143.7884118,0
9.406325753,216.7621587,0
6.321259315,207.2577096,0
,217.369746,0
4.705356496,103.173587,0
8.896418988,222.2562929,0
6.581878202,272.9827447,0
6.755145902,231.2601313,0
9.445129838,145.8054024,1
9.024845037,128.0966912,1
,169.974849,1
6.80011909,242.0080815,1
7.174135163,203.4089346,1
7.657991237,236.9608892,1
8.322986672,207.2524622,1
5.934279093,223.8581252,1
9.802720782,98.77164353,1
6.101955231,215.2680896,1
4.997770601,280.0824107,1
4.815766791,217.6870932,1
6.548020558,278.5851052,1
13.17540172,47.432,1
6.618010906,233.6616359,1
7.788054733,212.6914573,1
5.191834327,211.0941848,1
5.626339528,230.8579828,1
6.869638941,251.2934475,1
9.058628424,155.3575571,1
7.291888325,127.5442971,1
7.275908774,175.2203765,1
6.512737124,229.263861,1
7.207886781,175.8702941,1
,156.5206348,1
5.324941856,280.0896549,1
7.082300649,169.4689273,1
5.33418358,224.7879362,1
10.7618978,81.71089527,1
6.286806948,258.3000516,1
9.794558699,129.8709584,1
8.210443565,167.1021915,1
6.941719438,173.3343894,1
10.35611883,136.3237517,1
7.958984292,171.4836247,1
3.882631081,243.8079497,1
5.671773833,216.0428111,1
10.00330054,143.0942854,1
6.552847474,198.8069397,1
7.628552723,156.7936942,1
4.79084054,268.7208812,1
7.710959939,181.9381256,1
8.291299006,211.2170343,1
6.193170101,225.6834218,1
9.032660579,121.4414415,1
6.139493741,236.6740259,1
7.12942473,178.3723523,1
,191.2852176,1
5.418503763,187.7768087,1
8.075494508,195.8049958,1
,225.287704,1
10.04967372,132.8328367,1
5.667650647,229.9283665,1
,181.6891637,1
8.923980608,135.9384675,1
6.428866313,225.6130938,1
6.960603502,201.7154525,1
5.873675846,203.3299282,1
6.79546901,187.7830201,1
10.04102797,113.8311122,1
,273.2556208,1
7.296037734,235.7351929,1
,161.8264761,1
5.862641233,185.0652199,1
7.292141805,174.480427,1
8.062805643,200.493112,1
7.82197094,157.1815455,1
11.301794,77.4595861,1
6.593764313,233.5141325,1
9.161088613,119.8419046,1
,144.815264,1
4.642953052,307.7060241,1
7.798453676,188.3949423,1
5.564342491,256.20883,1
7.886591227,213.0525907,1
7.443189014,193.1247989,1
3.657123133,275.7671418,1
9.597191857,167.088976,1
6.964225943,212.7644944,1
7.672909523,152.8783051,1
6.737004072,220.1001024,1
,163.2244663,1
5.382489039,240.0182139,1
7.022952113,264.5256065,1
,250.7053939,1
10.02622381,94.09130748,1
5.583832998,261.2338253,1
7.952929116,221.3698538,1
5.500186641,254.672705,1
7.543700466,161.6231416,1
6.848331559,159.1880501,1
,181.2105099,1
5.910251729,282.739017,1
8.716820334,153.9800345,1
6.016889136,221.1473078,1
9.567822726,173.1114983,1
4.296247024,278.1475241,1
3.551579177,323.124,1
8.529669348,157.7004811,1
8.065339036,174.1205843,1
9.158445163,186.672973,1
8.848586283,188.9199829,1
9.495456382,185.8785944,1
8.052893916,198.9944743,1
2.798549099,311.3839565,1
6.425873866,188.9802815,1
7.757269666,213.0484451,1
7.748654706,239.7882778,1
5.117390303,225.6574044,1
7.481535362,218.2611698,1
5.374222585,201.3314401,1
7.063646976,140.6128657,1
6.876451043,190.8445136,1
4.812433652,250.1839535,1
4.993530734,242.6205031,1
4.788861062,234.8937026,1
4.037287739,291.4618974,1
6.505872509,240.2879117,1
6.779773967,153.8863093,1
6.952511674,211.6972974,1
5.628406919,226.8300426,1
5.966000489,194.796221,1
6.319431545,180.9656209,1
8.02724787,193.3524164,1
8.882684452,135.5230624,1
5.991283475,224.6085628,1
10.27244427,163.6246234,1
,131.5477443,1
6.105140135,249.141391,1
9.443358884,73.49223369,1
6.887414371,223.603058,1
6.512900833,169.2174798,1
5.772718095,213.3635446,1
4.912557262,308.2538329,1
9.739561949,166.948864,1
5.541979019,185.6718736,1
,193.5034148,1
,143.3002003,1
6.448931033,240.244771,1
5.477912295,211.3988439,1
8.544708662,181.4134021,1
7.378597016,175.9824471,1
6.66400305,199.5887185,1
6.775582812,218.4149289,1
8.736371211,194.6776872,1
7.146976296,196.5626846,1
,242.9094363,1
5.040331692,232.2344791,1
,281.5821623,1
7.745499128,168.3556238,1
6.259651603,208.3794303,1
8.59639118,189.5231608,1
5.767349597,272.4721781,1
7.088940642,206.3641219,1
8.029181613,158.0403984,1
,286.2017633,1
4.725785565,249.6709994,1
8.19576536,214.5176104,1
6.443753668,196.6159916,1
7.039094321,179.6452245,1
,185.7557279,0
,185.8467967,0
6.945224092,220.9600411,0
5.742110407,188.216604,0
5.59662785,177.2137917,0
7.350378987,193.6333668,0
6.262798867,206.8897483,0
9.927023723,208.4907383,0
5.381407519,175.5743066,0
4.961352728,166.2599616,0
6.457097525,192.2649447,0
6.53936951,214.6386028,0
6.252410005,225.7841009,0
7.967344823,180.5317069,0
,212.73169,0
7.60952119,223.2883936,0
6.887863944,173.3250224,0
9.879071258,208.9056452,0
7.63876177,178.2716356,0
6.961891686,223.595839,0
8.060609624,208.0427107,0
7.240271791,213.4231392,0
7.486779709,199.6777845,0
8.410460643,234.8765244,0
6.143921454,175.274076,0
6.09617989,174.8716293,0
6.384824009,243.6880749,0
9.462666017,225.399307,0
7.868147086,199.035973,0
5.873157137,153.6733815,0
,186.8730137,0
6.529304448,210.0040335,0
5.152203722,207.2992598,0
7.858662779,210.954754,0
7.704410252,234.6359511,0
6.728004386,201.1268956,0
10.46450248,190.9948483,0
9.11278625,205.9410721,0
8.079808358,174.1610935,0
7.078659419,232.5818483,0
,139.3311518,0
8.043889299,169.6882249,0
7.040244978,192.9559825,0
5.483974109,166.1618369,0
8.53440688,248.5774824,0
7.266594535,176.8536963,0
6.256651148,181.0723073,0
7.240351006,201.9971958,0
8.692115322,144.2363578,0
8.639540978,168.6139666,0
7.179864149,180.8542106,0
7.163999223,203.7815979,0
8.926113143,189.987947,0
6.353110302,206.2698099,0
6.681553568,238.5124406,0
5.445325981,201.3794591,0
7.539881893,185.8259753,0
,199.9180136,0
4.37047658,188.6540373,0
10.31640038,217.2668424,0
6.599593819,198.3232608,0
4.197583589,189.4736767,0
7.920794564,173.3571506,0
6.330732765,166.738009,0
,181.2961251,0
7.76414261,186.1324319,0
8.237142634,190.0596949,0
5.679234115,188.1886961,0
7.417570368,193.7718784,0
4.775983439,196.2739637,0
7.86509497,210.0392943,0
5.903465715,201.8640323,0
7.705711006,178.9228576,0
7.815121778,190.3139043,0
6.139743032,168.4442145,0
5.041405028,193.1678535,0
8.675192692,200.7359412,0
7.689358004,221.3568855,0
8.570129121,200.0718748,0
5.671762326,184.7818419,0
6.624806428,204.3429275,0
6.541007699,195.5668895,0
,169.1887357,0
9.241197563,223.6913502,0
,162.6262869,0
6.340809022,158.3427412,0
5.980357227,181.2587047,0
7.60597883,172.1981361,0
6.427512443,178.3265554,0
,196.2488574,0
6.109073312,191.7555714,0
5.842933081,168.2952871,0
5.36754649,175.4328194,0
5.345887147,184.7845747,0
5.386307352,212.5929905,0
9.919478426,207.0655873,0
,218.3021764,0
7.121458435,204.1641395,0
9.418296122,173.6402158,0
7.457164758,263.0367045,0
5.27222756,206.3131847,0
7.29195704,202.3290442,0
7.803833221,223.6881109,0
6.844350911,197.4604694,0
5.608745232,152.9540623,0
5.701154645,233.5150425,0
5.412762498,226.5864876,0
,208.177464,0
5.018132384,169.3972377,0
4.552238411,197.076934,0
,203.5059212,0
7.025305942,202.809081,0
5.770620969,194.5001438,0
8.437875983,183.1066249,0
5.907078269,213.4710813,0
6.89834133,187.4153064,0
10.25273437,217.7366692,0
8.206499938,182.9053594,0
7.286167388,208.4440851,0
8.809296432,226.1059008,0
6.641500687,198.8844095,0
6.145148361,197.5410721,0
5.906441765,177.8913689,0
5.38984593,163.3443524,0
5.006562979,160.496448,0
6.5036382,163.2566344,0
9.606858896,200.8421428,0
8.742229882,179.4098037,0
8.394397412,187.6434114,0
,204.9238286,0
3.841205038,186.9177655,0
4.301373467,148.7377009,0
9.895889213,210.6540407,0
4.319440673,186.0561786,0
8.313773604,196.5476964,0
,179.1492874,0
3.410359671,207.3974729,0
7.510943342,182.1928474,0
6.978290868,191.8584841,0
,164.3784333,0
7.46072722,237.5796125,0
,190.0466609,0
7.220165553,204.7683905,0
8.790851189,187.4398122,0
,198.2344083,0
,219.0133284,0
9.049166054,169.5092544,0
9.515140615,199.0813173,0
6.14524294,213.1755888,0
7.494212047,210.3472757,0
7.091885817,221.1914756,0
6.624572528,172.0554707,0
6.032188903,200.4207555,0
6.344095425,164.8172074,0
,209.7660217,0
7.459144859,217.7001303,0
6.361666803,175.0439989,0
9.011588754,228.9195192,0
7.466213132,223.1841808,0
5.739816333,189.8277886,0
7.785106673,174.8893609,0
7.138586781,180.9037778,0
8.805177745,157.2319816,0
8.003031485,186.4630821,0
7.157337864,214.0101011,0
6.427365144,202.9449791,0
6.124672271,179.5797525,0
8.457901037,228.7321522,0
5.772197394,200.1449708,0
,220.976049,0
6.760790523,192.1426205,0
7.895045662,174.6926854,0
8.576739928,221.1502583,0
5.596729818,229.2950981,0
8.145632374,218.4408042,0
6.665495068,222.4877721,0
6.499067998,173.7688739,0
9.735889388,209.7615128,0
9.268281895,204.3604853,0
,180.8930357,0
10.0596421,175.8758278,0
6.475885399,177.2949494,0
6.096128348,200.6462242,0
6.297845634,214.2145741,0
5.284096687,185.7054923,0
8.26994471,192.0037757,0
6.03956779,246.6928547,0
6.243279004,171.1038864,0
8.214099764,192.1771266,0
,205.6387903,0
,233.0201336,0
,220.5525236,0
9.836030547,230.4719215,0
8.719764332,219.7788985,0
7.009601694,220.561996,0
6.492638846,172.8639603,0
7.814524321,180.3473084,0
9.652562935,205.2060586,0
8.00754122,151.7363219,0
,170.5500878,0
,204.7349975,0
7.386837696,189.5958143,0
5.497580321,204.6828696,0
6.057828114,230.7176933,0
,222.8212131,0
6.268953337,185.7066466,0
,190.9292558,0
6.284984822,196.7750562,0
9.043095632,181.5666628,0
8.523062079,201.6084925,0
,183.4648531,0
,193.4002675,0
4.02905271,203.3868565,0
6.412707042,204.3580969,0
6.27629499,184.9520574,0
7.648877928,188.5069774,0
5.548181849,204.2598994,0
,216.6756187,0
7.468617019,240.3453052,0
,179.1494467,0
7.918150471,214.1866109,0
,191.7642561,0
,181.3746513,0
5.433242117,201.7812455,0
8.33951161,202.2016242,0
6.715719088,195.1905985,0
6.09801209,211.4540103,0
6.576845323,156.2217681,0
4.68109876,220.4761261,0
8.15121531,219.56005,0
,226.5483539,0
,220.8360348,0
5.669689566,194.130069,0
6.6249436,185.4109329,0
8.273643584,188.1607511,0
,241.8955146,0
,221.620058,0
10.50966863,213.8768725,0
5.171434094,207.2805308,0
6.9641983,193.7532798,0
6.548796521,205.168161,0
6.555439264,195.1579765,0
9.042582866,221.3201844,0
5.970578908,202.7455203,0
6.273805782,191.8503964,0
6.604007989,212.9784674,0
7.14394199,153.2363644,0
8.11644657,208.6891531,0
7.66518778,209.9972465,0
5.555352973,154.3006837,0
7.543931305,192.2345408,1
,218.5735482,1
7.340170884,210.1188126,1
10.01518906,210.126717,1
,188.7435625,1
7.846463341,233.9765794,1
,155.6757769,1
6.334162776,197.4823264,1
9.616095703,221.7598179,1
,186.5952548,1
8.892998479,224.078183,1
,195.8365726,1
8.1414299,211.7942673,1
8.165714933,203.4193307,1
4.931958445,164.6667686,1
8.977821883,198.996287,1
7.372611796,220.3871636,1
9.107330383,202.5147114,1
4.168248461,164.3512893,1
7.806909023,216.4731687,1
6.704635426,230.7669398,1
3.623165848,156.8989167,1
7.966856824,186.353361,1
4.595607756,204.8596598,1
,204.6690467,1
3.994497606,179.454192,1
8.907987118,202.4612113,1
5.898726325,198.3100198,1
9.514626622,215.725527,1
8.842463656,229.9644224,1
7.721078494,208.4385926,1
9.089421098,208.91472,1
1.757037115,147.5818314,1
7.725192099,213.9513281,1
6.729191489,178.4936319,1
5.085429353,173.5659711,1
9.545270521,212.0463911,1
,182.5339784,1
6.246264054,163.2180384,1
7.376449105,168.7500072,1
7.802426084,232.67028,1
8.596767212,202.3431875,1
6.436444496,192.9956648,1
7.333477726,233.7213551,1
6.144759038,210.9797475,1
4.725997721,175.9914868,1
5.393345914,172.5502615,1
5.624819996,215.8228726,1
5.768868031,184.3950028,1
,195.8746342,1
5.251353815,167.924336,1
7.688785916,209.1856253,1
3.681076271,144.2652699,1
4.897691707,169.2357683,1
5.842754601,202.0447753,1
,193.4101406,1
5.038316783,170.3604625,1
9.961247709,220.038186,1
7.417502637,198.705653,1
,160.3259716,1
5.099932005,189.6659365,1
3.633162829,179.3505767,1
8.860450854,193.7431052,1
10.13793229,242.005716,1
9.90081484,199.0837518,1
10.2684305,218.2166825,1
0.22749905,152.5301112,1
6.017260924,206.0143998,1
7.110845138,213.8863369,1
6.350290472,190.3837378,1
8.12934172,211.1233123,1
10.25281623,218.2797001,1
5.462355935,187.7095327,1
9.239440361,212.5690763,1
7.071314192,213.619625,1
7.115895266,193.7067445,1
8.238996597,199.5945387,1
6.446252032,204.2535631,1
6.161779499,202.7569725,1
6.772156538,196.9000984,1
7.06184552,211.0916871,1
4.638250259,182.4196209,1
7.678966889,205.4799184,1
8.137713063,178.7166329,1
7.481397772,186.0747655,1
8.082148076,185.9324194,1
,210.6273585,1
7.702183099,192.1375306,1
6.750761186,207.2545054,1
,219.7060481,1
6.323942073,185.9924106,1
5.403883692,199.0166741,1
5.699873488,159.4356011,1
7.694264582,184.8363006,1
8.581428694,186.6016211,1
9.888941401,220.638823,1
3.426450368,154.7117245,1
8.370440489,231.4425533,1
,204.852187,1
8.390500572,215.295518,1
7.58194468,193.2864626,1
9.850054687,208.740232,1
5.225683807,185.050444,1
9.663653196,233.487268,1
,158.7629592,1
7.935607325,207.0168521,1
8.92814208,197.6485302,1
6.920342899,207.8213631,1
10.53809844,200.1398287,1
5.729302912,162.8575851,1
5.335688809,178.6401187,1
,177.1740208,1
6.769834881,177.173258,1
6.848329601,195.4514824,1
,231.1598241,1
,205.0887889,1
,155.8643817,1
8.589202344,233.7279746,1
8.473649323,182.9971987,1
7.591346094,199.2553218,1
8.137767883,203.8618673,1
5.35256598,150.4952143,1
7.998090254,241.0002765,1
11.89807803,228.1326732,1
7.442536475,180.8590906,1
5.140800528,209.3585612,1
,242.4134292,1
6.947915534,219.5943849,1
9.622105987,182.9097278,1
5.361211666,171.315543,1
4.909518983,186.1907032,1
6.376408434,182.1210382,1
3.94012546,163.1716531,1
6.916825973,210.8604386,1
9.146557556,226.0934249,1
10.26841472,225.0742181,1
8.787667941,232.4626372,1
7.36876853,213.1970192,1
9.352719753,207.4651604,1
9.393148442,215.0513646,1
7.296572875,197.6469506,1
8.900864697,211.3068119,1
8.107244313,228.1718587,1
7.804368874,216.6738691,1
4.666148131,171.2887001,1
10.90507641,207.0048366,1
4.739548767,162.2468857,1
9.869231935,223.7726613,1
,182.5822278,1
5.827541212,191.0049304,1
0.989912213,133.2169416,1
,235.2405873,1
9.485832873,218.7382355,1
6.435722717,214.7246693,1
6.365497241,205.0565358,1
,202.4751623,1
5.452214926,199.2284675,1
,215.9665791,1
5.433466239,177.8283023,1
7.374775414,217.6986438,1
,175.7085533,0
5.226941884,177.3196034,0
4.594209164,185.6328581,0
6.784133024,212.4423382,0
6.400256164,172.2990001,0
6.839415898,166.8669704,0
6.901863449,164.7234862,0
,191.5548152,0
7.888843574,228.4883938,0
5.527633483,218.5189231,0
6.492403122,234.914512,0
6.684699737,193.8409311,0
,196.3346728,0
6.223677775,238.0842107,0
4.758648347,203.5378325,0
7.440825031,183.3627126,0
8.054885744,200.943484,0
7.061830972,215.946322,0
,214.7378307,0
7.611609817,222.2522695,0
4.691438315,200.8894064,0
8.064170137,209.8393334,0
4.292966858,212.8086454,0
7.865756954,184.9129171,0
9.085637102,238.221968,0
6.592442508,242.4804727,0
7.032818726,168.8223953,0
8.990317234,195.8090284,0
8.561218924,205.3668311,0
6.739157692,156.4827594,0
,209.4268373,0
6.492627157,213.0653848,0
6.753128353,191.9829945,0
5.039373609,142.860598,0
8.296344056,198.1970512,0
5.455599352,152.3867347,0
7.918183321,224.1520045,0
5.01804587,194.6681671,0
6.495435285,252.0109026,0
,203.0502439,0
8.783167624,218.0328398,0
,184.7506979,0
8.159666704,215.6482163,0
7.685396843,230.3357076,0
7.762020745,173.636742,0
7.207931097,204.0103465,0
6.9870415,169.7271158,0
4.692196563,221.5477734,0
,219.7257126,0
4.059431468,200.3830795,0
8.389945659,213.6656848,0
10.69553249,220.4510783,0
6.791696907,175.8943459,0
9.953952112,232.9490019,0
,218.9864062,0
4.489783796,188.2519391,0
8.020869103,175.8736762,0
5.090035332,174.2663575,0
6.466874709,214.3372704,0
6.702496216,208.5537845,0
5.766204134,179.5726525,0
6.571099217,207.741025,0
8.509220049,200.3043481,0
5.953981878,186.4570837,0
5.403196492,185.6435227,0
5.596929951,162.7246723,0
10.63290961,198.3780118,0
4.916819229,162.4567843,0
7.183095932,200.368159,0
5.923441415,167.6586022,0
7.377036504,175.0082757,0
7.833495881,220.9574326,0
4.745764371,186.3031371,0
9.055825785,196.4758989,0
5.492155983,176.2714037,0
4.487517479,199.0514027,0
7.027185659,185.3207014,0
10.20064451,182.0806013,0
6.784279329,140.3667086,0
8.080415244,166.8917001,0
,191.348259,0
7.344975869,182.3069422,0
5.923739955,200.5612126,0
8.285395275,196.5520678,0
5.949518764,160.4426313,0
,192.2021681,0
,215.9971166,0
5.296578804,220.0808324,0
10.28206797,198.5463635,0
7.016836113,167.3621871,0
6.871607245,197.5170934,0
,214.1723298,0
8.274069059,195.8033305,0
8.238878989,198.2134051,0
5.791154373,190.4316792,0
6.153368957,237.1398278,0
7.303051906,196.9528752,0
7.5926723,177.0808395,0
6.784116115,189.6083467,0
5.606856131,211.5130972,0
,223.4431113,0
4.922045466,197.2872066,0
5.700784947,185.9222471,0
,215.5784642,0
10.67805626,168.6957663,0
7.602121475,199.3531655,0
8.846281957,188.4150006,0
6.751698586,203.4004519,0
,148.1031295,0
,202.0798645,0
5.088213197,159.9626123,0
6.954907217,159.7663994,0
8.983811794,204.6485152,0
9.519659984,204.0809451,0
4.700392724,195.3528073,0
10.38613293,200.8911924,0
5.746529194,183.4717941,0
,192.9703798,0
,248.9546551,0
10.8112895,209.10305,0
8.966835973,228.6913547,0
,212.449974,0
6.848805453,204.8127108,0
8.861701557,200.6122986,0
4.252985001,149.9386547,0
6.729829904,229.4077836,0
5.924540482,186.6200684,0
6.783888468,193.6535806,0
7.390896679,219.3359778,0
6.470151959,176.7363757,0
6.93039147,190.1893878,0
9.302441188,236.5807942,0
7.421997644,220.3853144,0
6.583064856,163.3616035,0
6.204429354,211.640958,0
9.066628054,203.3841234,0
4.713116701,209.3420509,0
10.58138599,213.7764386,0
7.574261237,227.9846646,0
6.138785152,158.422129,0
5.276323544,186.3825903,0
6.776879088,189.4388127,0
7.239415921,211.8728279,0
6.552279123,190.547678,0
8.408766231,210.7954061,0
7.986398706,202.0939398,0
7.366915284,185.0435967,0
6.062738419,224.8411806,0
7.8564711,204.7834281,0
5.15839641,189.2957887,0
,197.5707363,0
6.39908051,230.0279326,0
7.394255556,207.9630384,0
4.443850856,240.1679012,0
8.247148271,175.9118303,0
4.902158989,214.6437558,0
6.86313625,194.5866593,0
6.66953238,190.7511649,0
7.595669984,207.1154702,0
8.163076383,183.1618528,0
8.87027826,193.3699479,0
8.769676022,215.3687416,0
4.737391257,215.5295107,0
7.790874862,196.4787124,0
,238.4095981,0
6.0873061,214.556086,0
7.651294226,200.7170513,0
4.771490669,200.3740756,0
,190.6306362,0
5.392057607,198.0171652,0
5.477283049,165.4360934,0
6.364155674,193.5069028,0
,226.7656465,0
8.347949483,231.2031014,0
6.615981652,194.980636,0
8.312379503,203.7445475,0
6.836224939,166.7429616,0
6.385470898,231.4884577,0
6.490037175,205.5415172,0
,236.3569746,0
6.648849186,181.6881221,0
,210.9797468,0
9.323583858,212.7106698,0
4.581968728,186.0979153,0
7.884841993,229.2426598,0
6.168838539,238.3010478,0
7.230845307,177.5748031,0
,235.0045977,0
8.693104326,184.7728094,0
,194.8060914,0
4.797460182,190.3151268,0
9.319176393,199.3335654,0
7.581687577,180.7491402,0
5.348213659,232.6685087,0
5.487876363,179.2069831,0
,206.577843,0
8.315959071,221.2702228,0
8.551077748,216.4159321,0
6.013160966,218.8432561,0
5.744067537,173.8508816,0
5.218989651,164.7909916,0
,240.4297868,0
7.458707683,207.7865734,0
11.02787986,228.3227976,0
6.72958019,242.1641459,0
4.1502143,174.9267412,0
7.159398311,171.8161053,0
,235.4174567,0
6.209697437,169.3185048,0
,178.7777161,0
9.608533594,231.3402282,0
5.375895979,153.7128743,0
8.69712216,166.4527742,0
7.748928548,198.8430942,0
7.117917746,216.1163186,0
8.31002902,212.6982764,0
5.524296531,157.1424243,0
10.20142576,190.799079,0
5.368125754,190.9379793,0
8.937802408,147.9168921,0
8.124207826,207.5095152,0
7.184973119,201.0792194,0
5.499489286,230.3087747,0
,256.6734691,0
5.319769073,204.202072,0
6.369111631,235.3409427,0
6.733493842,197.5626646,0
6.883015402,210.5022172,0
8.013516429,225.156452,0
8.272055091,204.2253291,0
8.746985976,148.3937237,0
8.154840855,202.3173348,0
9.045720545,222.1841691,0
8.922409559,207.5207264,0
5.961301572,182.108995,0
,205.4389768,0
8.184410006,166.6365538,0
7.636454091,238.9360743,0
7.775385593,193.0771683,0
7.617148871,196.606942,0
6.664934584,218.7700084,0
,182.1618803,0
8.815357953,208.331084,0
7.765635562,173.1855689,0
6.225152013,169.7411715,0
,223.7204305,0
8.56704382,160.217867,0
6.994194675,216.6653186,0
3.344588533,156.4799268,0
,198.6549758,0
,192.2541619,1
7.774468469,216.7528722,1
,172.7314328,1
7.203438849,168.4453579,1
6.150487601,240.8884224,1
,225.9590923,1
6.767523658,203.7510557,1
8.037430327,148.4153089,1
8.177174974,210.44877,1
6.744799075,204.0843182,1
7.603775446,214.682778,1
8.546145555,177.8462444,1
5.432512085,231.3515758,1
7.71408936,194.7382822,1
8.154531511,168.0989354,1
,190.2191676,1
7.845879929,193.7849998,1
7.156424495,197.9935375,1
5.694694238,240.7121821,1
6.707685556,199.2853743,1
4.775221956,231.9985786,1
,200.3152357,1
,205.1283035,1
8.501711439,193.9089061,1
7.741245059,218.2371865,1
4.187490815,208.3741881,1
,142.1455656,1
7.808012212,179.7999166,1
5.895948983,187.1536166,1
7.269652253,155.1575203,1
,213.0411915,1
9.489600966,167.8876287,1
7.457979827,183.4613095,1
7.992320364,230.1795734,1
7.746343115,212.2746448,1
8.27579563,163.3559608,1
6.879959452,163.5933393,1
6.799375518,239.0576795,1
8.167767663,144.9029318,1
,214.6573313,1
4.736404607,203.2764198,1
5.95392389,226.9350617,1
6.578998162,198.4092471,1
8.775485734,157.3542892,1
6.850302032,167.9850397,1
8.757110512,185.4193669,1
,213.0002175,1
,178.1548555,1
8.073278952,191.8155235,1
5.078274175,185.0883849,1
7.444914015,203.0687456,1
9.434005875,158.38784,1
5.905906954,223.1418815,1
5.803496976,193.2009914,1
7.617151922,182.689825,1
9.008464334,148.6140018,1
5.422445768,205.2660804,1
9.778181813,155.9374414,1
5.204938763,232.8827254,1
4.872560878,224.7051051,1
7.793914804,164.9589475,1
,259.1449277,1
7.058182608,187.9471911,1
7.890354274,180.158098,1
7.535700191,221.7924809,1
7.202534416,207.8281164,1
,188.6105177,1
8.722143777,151.621132,1
8.352635176,134.7505122,1
6.284385791,222.6887949,1
,195.5544285,1
9.30566048,163.9260265,1
4.923178856,208.406673,1
6.14301848,147.4719727,1
5.744504157,208.0700518,1
6.616649175,201.7808472,1
7.62349992,170.4275723,1
7.860106422,182.0419862,1
7.393110153,205.9911566,1
,176.7799465,1
5.579517093,223.616393,1
4.303574607,227.0070858,1
7.310715696,185.8171404,1
6.417702476,185.3121832,1
,181.3018739,1
10.77431809,163.0951058,1
5.036453976,190.1645202,1
,204.8605046,1
10.41504401,167.4225811,1
8.41860665,191.8670896,1
7.808641136,200.71487,1
7.55796363,156.4618716,1
11.24450714,169.4036547,1
5.728823779,197.1918394,1
10.48680842,185.0879142,1
3.792125732,218.4908565,1
5.716251354,184.229295,1
,182.3172561,1
5.473603398,218.5131453,1
,178.2336595,1
6.770926884,181.8180655,1
6.043360084,188.6623289,1
,212.4800362,1
6.320427823,210.3100428,1
9.185417502,165.6415024,1
8.684778672,161.1242048,1
7.961721463,224.3167604,1
5.484151254,196.7912512,1
7.186931122,177.4865333,1
5.470802484,213.1604785,1
,195.0195691,1
9.792727769,161.0578814,1
3.637170625,238.9437443,1
7.064789081,188.3917252,1
6.632031569,201.6699331,1
5.913956688,215.4978821,1
9.484703254,122.9069908,1
8.447404488,163.9499045,1
7.727421141,227.8427196,1
6.859323726,179.0688055,1
5.846786697,212.1620435,1
6.300001767,172.3502811,1
6.646469922,251.8362482,1
7.313446756,158.7074718,1
6.572656389,192.6473336,1
6.002414612,196.0029378,1
,212.9091318,1
5.93605711,222.9223068,1
7.591089848,195.6658004,1
6.875746152,192.0236594,1
8.016279103,211.0293038,1
8.783596632,199.9302784,1
6.911698241,179.2136742,1
8.719240207,181.0131002,1
5.974583248,197.1027246,1
4.429378735,256.2125652,1
,134.6792566,1
,221.6754626,1
8.215123507,155.7628665,1
7.828740105,176.7275113,1
7.949964795,186.7891507,1
6.114332051,178.4462857,1
,226.2708237,1
7.139428273,179.2349792,1
,223.5119784,1
7.96852587,156.4511488,1
6.635894308,194.04978,1
6.394548023,193.0475578,1
6.280978207,205.1231235,1
7.992026977,174.5580063,1
5.068795502,211.6895022,1
,164.9090723,1
8.151248962,205.8473007,1
7.582941677,185.0459928,1
5.34411687,198.3791437,1
7.871961403,219.6226589,1
5.327023534,233.140588,1
10.55027327,185.1658146,1
,186.1748407,1
7.47102667,177.2336434,1
7.943882477,211.8165512,0
2.69083124,151.7829057,0
9.13569426,194.8156184,0
5.214009194,192.6488463,0
8.649534947,175.4266698,0
7.75667895,186.6864589,0
7.104295204,177.5717437,0
5.363362645,179.9113798,0
6.582499747,200.7331069,0
6.810466517,209.7355588,0
,191.5316301,0
5.574116595,193.1580764,0
8.555283423,216.6553559,0
4.483402761,172.3838777,0
3.783043638,157.8526449,0
7.138374317,184.7452288,0
,171.5922365,0
7.912361028,211.376444,0
,193.1167939,0
9.128357758,184.6821039,0
5.271971378,193.1695095,0
6.465093529,241.2681377,0
8.245186596,199.3057742,0
,196.4320067,0
6.704791892,176.8960328,0
6.430254786,207.5794023,0
7.482791276,186.0934324,0
5.504452321,164.5009841,0
7.521920636,198.3546264,0
,164.0947438,0
8.522567733,208.1329997,0
5.694475546,193.4321303,0
6.93450359,176.9694309,0
6.115180039,226.0844294,0
8.575673022,197.5602828,0
5.689142988,181.5845652,0
,199.064672,0
7.2261272,213.3206159,0
7.197795992,168.6409754,0
3.846814328,190.992873,0
5.896339346,178.6780937,0
,247.4532966,0
8.326349854,213.8748579,0
6.891561655,198.5446412,0
5.548124947,217.0182595,0
,175.588146,0
5.386637962,206.8968059,0
7.262534652,212.5213079,0
6.257085791,180.4062106,0
7.025504335,205.4005291,0
6.584839333,196.133985,0
6.565633547,159.7293627,0
6.622102936,196.8910612,0
7.217392781,180.1942208,0
5.253907429,191.9820471,0
8.131375234,177.0953125,0
6.61977546,150.7183614,0
,206.3183425,0
6.217255307,205.6482515,0
5.019984767,156.9708217,0
6.907379615,210.2792102,0
6.313114732,162.3364121,0
,179.3201228,0
7.29392925,180.8431248,0
6.63036382,186.7610878,0
8.015780395,180.0603771,0
4.249890379,168.5721461,0
4.26526964,199.4994515,0
9.266840595,203.2526135,0
9.619456626,210.2612466,0
7.086877326,192.3873676,0
3.433874059,152.4800753,0
8.436759029,242.4885798,0
12.24692807,217.3680142,0
7.34303194,198.5307697,0
4.616438934,192.5740099,0
8.307462969,229.9412343,0
4.909640554,157.2404584,0
7.70910636,178.8108276,0
,173.8167101,0
7.818274839,179.2182173,0
8.207458913,189.9421572,0
6.958534137,187.7488492,0
,193.9261804,0
4.349439999,157.5133609,0
6.629985036,195.7003801,0
8.96969739,195.7447648,0
6.77105029,194.6351221,0
6.724639342,223.1754155,0
,221.3919744,0
6.967270764,218.7927931,0
,225.9721356,0
7.053116739,240.8517699,0
7.755154227,196.7827837,0
8.580008559,174.5068195,0
6.901710203,173.1539151,0
7.814250247,203.3834632,0
5.918953546,154.7735165,0
7.021295306,225.3504984,0
,189.814682,0
8.132736965,206.786448,0
6.057068041,184.3732318,0
5.343075103,211.6620911,0
,152.5076794,0
5.742533063,182.941032,0
6.584813111,182.3754558,0
8.070477127,198.8659477,0
6.652824348,187.9464088,0
5.506061504,164.4961721,0
,214.9724351,0
6.441766486,174.7818492,0
,194.4453158,0
8.248703054,201.3388568,0
2.569243562,201.6032843,0
5.664845758,186.6483585,0
8.999498939,234.835477,0
5.588537191,171.3331234,0
6.265637344,159.2901905,0
6.922041828,201.4101227,0
8.072612403,210.2697797,0
8.828094375,196.5628527,0
8.647454007,183.5973743,0
7.475536902,215.4291024,0
11.53488049,183.2622614,0
6.453064803,178.9982454,0
8.192210156,172.2927625,0
7.247700982,210.2708051,0
7.893131973,201.4332496,0
6.164449536,203.0164737,0
7.9373922,170.4453284,0
8.281120655,227.6543506,0
4.906491593,173.7791592,0
8.143483376,182.4324572,0
5.117913529,179.7016768,0
6.449070009,163.4476486,0
5.613562647,204.5693658,0
5.754212968,241.6024296,0
6.906574998,199.6381239,0
6.336267097,228.455028,0
8.121253676,200.3536957,0
,194.1666253,0
8.935115926,218.3940541,0
6.45278075,190.3213908,0
8.458814662,225.7123587,0
6.930082548,210.4258745,0
6.255070001,173.840226,0
5.669818774,203.4527154,0
7.945407487,211.8000845,0
7.499844232,210.9850337,0
4.695516141,198.9104878,0
6.710633528,203.6429167,0
9.502856746,175.5856731,0
4.405327147,169.7425372,0
6.810344849,166.5924252,0
6.983133113,181.1195291,0
6.968131313,205.9825819,0
5.76255225,184.8474873,0
8.397248096,199.4958113,0
8.828326658,189.9755527,0
9.395842202,162.1577004,0
7.593176933,201.0687365,0
5.149133288,198.3324402,0
4.916740541,191.4671103,0
,202.8869901,0
7.371289877,180.7365263,0
8.278752741,200.1622229,0
10.20297155,211.9634045,0
4.562156483,189.2614176,0
,205.9522501,0
5.202672013,195.3296887,0
9.149733927,230.5618993,0
7.615556979,204.8699745,0
7.813067625,183.6974796,0
7.721032688,203.3547884,0
9.056244707,197.666301,0
8.082657125,213.7551769,0
5.84866707,210.4412054,0
8.470545999,199.4897165,0
9.22858163,180.9446965,0
8.170588045,208.2791813,0
6.381977105,211.9172765,0
6.98981377,221.0002353,0
10.3781082,200.0041212,0
,182.1005728,0
3.590822364,213.702299,0
7.388518503,201.0577144,0
6.966835168,158.0430653,0
6.703486854,182.1295143,0
7.139671256,183.4279748,0
6.64879301,213.9599879,0
,182.0595342,0
7.940713224,197.0499653,0
8.228563825,182.1969054,0
8.665692083,162.3596868,0
5.06404246,214.5293283,0
7.894322783,176.319304,0
7.042793877,194.0467188,0
8.305063984,177.1743936,0
8.268307592,168.6878903,0
,199.5705251,0
7.397562418,217.9367989,0
6.36729853,183.789491,0
8.410625565,185.1837392,0
7.098245544,207.5353809,0
7.32250205,196.1042977,0
5.198224971,173.1198213,0
,213.4747064,0
,215.7502207,0
6.280905113,178.7072001,0
6.823930137,146.1305994,0
6.629993518,209.1570219,0
10.30157127,199.6093636,0
6.123193935,181.3124182,0
,196.1393118,0
6.848033469,165.8153256,0
,227.0826936,0
6.411525836,197.6848791,0
5.122648455,195.0188878,0
3.43485576,185.3429615,0
10.84813042,236.7250487,0
8.725393412,213.6103718,0
10.35174253,241.6717998,0
8.174028131,192.3904298,0
8.034011917,197.6093924,0
8.205541815,188.2771878,0
7.893818459,203.2966211,0
,218.4055447,0
5.488135469,192.5079836,0
8.163074031,162.2318457,0
6.867000691,184.248496,0
5.821706914,220.1254226,0
7.451888779,203.2002856,0
6.898315041,228.8028036,0
7.544340114,180.1197279,0
4.103867855,168.2836513,0
5.329938815,196.0346231,0
6.962993545,206.8178871,0
6.846059942,177.8291271,0
6.279842183,175.8906397,0
6.739849728,197.3744818,0
5.495035446,184.4348362,0
7.583770299,217.2832624,0
5.866702734,159.4331752,0
6.394980461,220.4223891,0
5.82126163,204.04889,0
5.514062185,212.5550663,0
6.730883602,192.4360764,0
5.198067643,200.4644449,0
,191.0123086,0
7.362331187,215.6372552,0
7.06614184,207.3614294,1
5.420347747,232.3868274,1
7.015332583,222.1130042,1
,246.2397632,1
6.044671753,150.6710211,1
6.198650336,246.4769625,1
7.678945067,178.2005415,1
8.062066123,125.705329,1
7.255798597,200.1637946,1
,239.4399531,1
6.792407469,306.6274814,1
7.368165577,204.0414512,1
8.837786915,195.8272127,1
7.108140711,148.6246065,1
5.289618437,194.0563929,1
7.169251038,162.4782263,1
7.695049437,153.8097827,1
8.693149901,219.1782966,1
,184.7860379,1
6.999764511,219.1433726,1
6.897922717,173.3909282,1
6.382314604,212.8385143,1
9.917092057,196.6037461,1
5.609025354,271.6308238,1
6.277463093,225.9419346,1
,190.2673674,1
7.714312672,191.6926397,1
6.351286549,162.2133452,1
7.958871446,184.8285571,1
6.618186567,164.2545648,1
6.000723336,161.0023053,1
6.39292784,159.1689259,1
6.977267852,223.2788913,1
6.353436844,218.5493627,1
6.019939995,140.8678983,1
7.330196877,159.8037202,1
9.241338767,157.9274924,1
6.593174457,176.6128288,1
6.948265449,225.23176,1
,210.7328536,1
,214.7257042,1
5.938321179,214.4695748,1
8.249550509,230.9328321,1
6.903816978,258.5268417,1
7.605674821,210.3714356,1
6.589290501,108.6990768,1
7.511816641,174.6141336,1
7.301444654,143.4313503,1
6.788291583,182.0368954,1
,184.0409883,1
,194.761215,1
6.692531669,200.4043509,1
6.028101118,262.8084777,1
6.715940564,218.0623835,1
7.490786676,202.4580608,1
,287.3702082,1
6.336588682,106.3801125,1
7.381757557,203.4603016,1
7.256015039,196.6498226,1
7.025821771,147.9680603,1
7.606880475,183.8400997,1
6.983860439,202.2562815,1
6.347020018,97.2809086,1
7.322828417,230.3429008,1
6.777506359,207.0507483,1
8.370364965,155.5535654,1
6.642755695,168.8964217,1
6.217584914,203.7072216,1
6.630122156,192.5217032,1
8.051022203,171.751754,1
8.416086817,208.3260218,1
,166.9139914,1
7.933067692,204.7242814,1
7.917608595,181.5253898,1
8.942045991,215.6737861,1
7.033945359,246.622871,1
,158.2076474,1
7.580048808,225.0885545,1
8.473249064,129.2400806,1
6.816416925,237.2695048,1
6.460033522,215.4406413,1
6.227826795,169.9262216,1
,190.5675212,1
,195.5409669,1
5.632731647,283.9972841,1
6.191241443,231.3227967,1
7.701032797,121.5751392,1
,187.0432834,1
8.832641116,199.4250377,1
5.646083312,219.3429325,1
7.332103963,185.4150767,1
7.896743922,197.6020777,1
5.675294715,228.5903923,1
6.010617577,184.5585817,1
7.986018499,180.7955581,1
,263.8576754,1
7.159613912,167.8233153,1
7.565198073,213.4282694,1
6.865568515,231.4450543,1
5.736675709,180.2909076,1
6.129069622,198.0210951,1
5.991371082,186.7226312,1
9.723377231,190.8974211,1
7.736312841,225.0631028,1
6.715799479,193.1625009,1
7.966762553,163.9272419,1
8.242558635,155.6161124,1
6.539546128,215.4452044,1
6.78538406,216.6470682,1
7.007974587,248.9047116,1
7.740383939,179.3023814,1
7.918087079,175.3372395,1
5.772769698,186.0606035,1
7.571684493,173.0083385,1
8.73352533,203.3961302,1
6.917858355,200.7055053,1
8.512780909,157.6669175,1
6.539115261,218.6196993,1
,228.756819,1
8.22708313,274.351887,1
7.274198051,156.1108292,1
7.118980168,160.9626028,1
,163.4098192,1
5.941942536,249.1635669,1
7.278910903,135.2592725,1
7.445189026,150.7757235,1
6.442496436,183.0713549,1
,190.8774698,1
6.919726155,194.8589999,1
6.47237105,164.7689015,1
8.25121778,167.3853532,1
,191.6651832,1
6.707108206,211.0865029,1
7.24019447,154.1375792,1
6.528490775,184.4291595,1
7.031839174,175.4658605,1
7.494391101,205.1907067,1
6.957433638,214.380139,1
,179.4081682,1
6.962324595,205.1830198,1
6.509621638,197.7595026,1
8.069297893,191.0041072,1
7.213375388,213.7671763,1
6.790838199,271.6012124,1
6.975209178,175.4210394,1
7.422225264,203.3233079,1
6.505065807,226.4196094,1
6.617862257,174.2805663,1
6.769769339,178.3317527,1
6.341751224,139.959471,1
7.058866081,191.5484007,1
7.539287395,258.4900758,1
,163.1672501,1
7.490807654,198.9665123,1
6.037428194,227.0339937,1
,158.6952089,1
6.706695161,232.926598,1
,156.3881195,1
,186.3655495,1
6.758851697,218.153477,1
7.48678088,151.2025915,0
6.904121373,228.9604179,0
,155.2626089,0
7.348937142,267.6552225,0
7.846057926,224.0588768,0
,229.6206163,0
6.1798098,248.833263,0
6.755669308,209.3620748,0
,213.6522934,0
7.266598792,98.45293051,0
8.218171066,116.0619504,0
6.980061939,164.1271804,0
6.381978996,235.9451102,0
6.64800546,191.8418015,0
5.899936567,205.9137864,0
7.260904363,189.077962,0
5.575920648,223.3740073,0
5.467401255,197.0289262,0
6.090016057,216.7362319,0
8.205447053,145.7973174,0
7.670505864,123.3366439,0
6.791097166,209.1281633,0
6.006769481,226.8740986,0
,204.3847939,0
6.336342762,214.0719823,0
7.473235377,223.2649362,0
,214.1930778,0
7.380104835,237.9226372,0
10.067633,144.6139557,0
5.9159443,274.2636179,0
,171.6950224,0
6.124847329,151.6913578,0
,137.2534266,0
7.876495131,250.8966214,0
6.021051323,178.2236826,0
,193.1676112,0
,166.6966948,0
6.58545023,166.9659605,0
6.342671183,157.0461254,0
6.632990254,238.3247509,0
5.400700138,197.9189928,0
7.460147818,221.3432095,0
6.709822001,148.253186,0
8.054893322,239.1397786,0
5.365192408,238.2912124,0
6.920388988,252.3527992,0
7.025456548,184.4844265,0
7.974248428,173.7507758,0
8.03105522,222.6284245,0
7.614056817,213.6911685,0
7.643578362,209.8608444,0
7.731315009,169.049684,0
6.268402756,154.6819023,0
7.369911642,155.6448051,0
,241.1806799,0
6.320375285,165.8215453,0
7.290088572,205.2131051,0
6.356511062,164.6181852,0
7.974065001,160.2241817,0
4.943508444,267.5330269,0
7.700362305,220.5717962,0
6.05460718,228.1980268,0
4.22142068,120.5601296,0
8.545890346,255.3248719,0
7.752176213,182.0647049,0
5.588129751,220.8175225,0
8.649868625,178.5887535,0
7.899256515,187.7006542,0
5.952267969,136.8905306,0
8.040187557,201.8092165,0
4.313219151,191.1193373,0
6.707016928,209.7788053,0
5.853560601,186.8077508,0
8.817402774,175.7549712,0
,171.4349805,0
,193.5771567,0
7.47640846,246.1847192,0
7.691486298,155.1853193,0
7.367371853,176.3352099,0
8.927905926,188.0544191,0
5.62122732,221.6494395,0
6.450644925,201.5966735,0
7.566517125,205.3965817,0
6.115637546,240.9751559,0
7.595228724,188.3732817,0
,279.2324186,0
7.131221859,165.9090203,0
7.399724708,258.0199471,0
7.002479941,168.9525905,0
5.345345371,238.51023,0
6.185951163,174.7961234,0
6.070090952,161.5302665,0
7.095569331,196.7349272,0
,189.7616538,0
3.928556492,191.6659977,0
6.352973105,244.8467167,0
5.999125178,219.7161088,0
8.899588378,208.1065481,0
7.37533762,194.8680827,0
8.979322853,184.309222,0
8.532377474,216.4541076,0
7.213537481,176.6400633,0
,184.6668909,0
8.895574458,107.3833271,0
6.582764204,219.1848137,0
,204.2405692,0
,160.59576,0
5.986593892,275.8865128,0
6.841221063,166.6769499,0
,157.827352,0
7.146117225,181.4344194,0
,237.7056814,0
7.507575296,172.5040208,0
7.997175823,214.8196269,0
5.174345998,234.3285691,0
,191.1504794,0
6.479092567,180.9586672,0
7.811512445,258.8916012,0
7.437216653,242.7299686,0
7.953878115,178.0665496,0
6.396569931,243.7247069,0
,208.3670456,0
8.058135997,191.2779316,0
,149.8389003,0
,220.9851581,0
9.497261163,124.4828102,0
7.984710742,121.0673575,0
6.26111058,270.4661706,0
6.957802749,219.2399523,0
9.663159015,131.7118961,0
6.732713713,197.7669743,0
4.886057057,272.9203851,0
9.610220345,156.9295462,0
8.518531795,128.2634658,0
6.950786515,201.8054906,0
6.023022741,170.7322887,0
9.011480407,167.9189217,0
7.946767904,277.1169457,0
7.709617351,189.8029139,0
6.081615358,209.0596796,0
8.146185794,191.38241,0
8.141861116,210.3765614,0
7.703356821,211.3446867,0
,149.0428459,0
9.252856509,168.0407511,0
6.047651489,177.4442641,0
6.152857802,171.1252874,0
9.074922874,184.9150548,0
7.436537227,167.3284655,0
,259.6710409,0
7.130099196,275.6797801,0
6.79212545,165.7942863,0
,230.4307616,0
8.885626344,171.8397767,0
9.47531626,149.5580888,0
,168.9630259,0
7.183108734,225.116079,0
6.157443145,155.8357062,0
6.467868302,236.6946481,0
,162.9353713,0
7.488133464,177.3530518,0
7.32354512,184.1360704,0
,253.6620371,0
6.530796124,138.0076716,0
6.931470427,156.8411949,0
7.774645243,194.7338584,0
8.107500139,173.6646791,0
6.306864459,220.9699797,0
,165.7379535,0
6.609680322,216.4280319,0
6.632205879,232.7385452,0
,247.1640183,0
5.716755667,197.1042098,0
7.74045387,182.5410725,0
6.277277371,148.1860133,0
8.006373298,116.7251221,0
6.513016586,185.3385398,0
6.234197672,227.5608668,0
7.277143967,194.880861,0
6.04451303,211.577378,0
6.643026538,205.2331194,0
5.15045654,186.5608459,0
6.110545161,166.6373052,0
7.831117737,182.4738756,0
6.980727164,200.4672256,0
8.552782416,217.8033177,0
6.449379439,275.7467165,0
7.392084038,173.5287784,0
8.360795827,218.139622,0
7.619845077,113.5046982,0
5.404510674,258.9034888,0
7.079303518,137.0073552,0
,233.8466208,0
7.161714893,238.3335841,0
6.854946859,149.853487,0
7.309556407,244.8397701,0
9.313465893,133.1417512,0
,216.2716237,0
,250.6234728,0
6.187938054,249.5271111,0
,240.984187,0
7.965337305,151.5418889,0
9.264390909,160.428694,0
7.754044354,193.4498538,0
9.393891652,252.7392485,0
8.176079615,201.5537008,0
8.337696201,168.4691807,0
,207.4268874,0
7.191024857,151.3066736,0
8.613698595,235.9444359,0
7.793039171,257.657739,0
3.878879389,177.7128409,0
,164.3171018,0
3.978284627,160.8184744,0
5.96406536,241.0308985,0
7.53205858,185.5065627,0
7.233538435,231.5608322,0
,202.8111419,0
,115.3929794,0
7.480728114,117.0573145,0
4.477091714,236.2824896,0
,207.3910967,0
,162.2636883,0
6.31407747,124.8479917,0
,233.6938372,0
8.822610384,216.432576,0
6.922652371,185.8189891,0
,169.6735306,0
6.904536858,110.8657883,0
6.548017642,176.0065361,0
6.581082756,217.538504,0
7.864649673,218.1531069,0
6.136907177,151.784319,0
6.94702854,168.8795392,0
6.203322508,214.8501112,0
,240.1345719,0
8.373170925,179.5214064,0
,205.3041489,0
5.921247069,200.9437304,0
8.829806178,216.1221437,0
,187.6134376,0
6.832217388,164.2743931,0
9.281302611,215.9076249,0
7.456250785,226.5382887,0
7.088250976,172.6892999,0
5.648628538,167.0300972,0
4.293961235,192.360737,0
9.678050854,188.3687408,0
8.662709501,173.5319472,0
5.897391121,172.0343853,0
9.494242648,274.8283693,1
,173.4741859,1
7.080193059,185.8257264,1
7.55985231,244.2945577,1
7.040394956,199.0792169,1
8.053043682,211.7832353,1
7.044375319,229.6031728,1
6.309891576,133.6499247,1
6.203572848,139.129083,1
6.879404957,214.7318875,1
7.754884394,210.7207687,1
7.916669699,201.455808,1
6.405392482,183.867245,1
7.795957801,239.2782545,1
6.963979351,180.401506,1
6.967861397,183.9334762,1
6.622791356,195.8671168,1
7.369988621,236.4767207,1
,134.3111598,1
6.944868387,198.476439,1
5.284810115,148.8627584,1
6.851442603,197.3395594,1
7.760189365,206.2088341,1
7.280560357,228.5395427,1
6.83425989,182.4544618,1
6.728975148,187.2027122,1
8.016418375,255.2594926,1
6.864916739,170.8277923,1
5.80897552,157.5522384,1
8.458796988,241.76834,1
6.987335279,224.0344173,1
7.288736661,233.9778097,1
8.116350275,224.7635092,1
7.463915951,215.4790683,1
7.512361216,224.4716541,1
6.415108472,192.4279651,1
7.059940234,178.8053803,1
,179.7567079,1
7.425102223,204.4862816,1
6.742622398,209.2173441,1
7.682923445,217.7889322,1
7.041665417,178.2857485,1
7.185276449,212.483172,1
6.597292363,191.7874419,1
6.908853083,184.9442319,1
,169.7754752,1
,165.8929699,1
6.281903929,160.306685,1
7.036752104,210.3691037,1
7.362912867,180.8678007,1
7.369087139,198.2040824,1
7.708109989,188.9978501,1
6.50411278,171.722555,1
8.185923417,240.9791038,1
6.149185174,150.5635935,1
7.080445821,196.6589466,1
6.628427347,215.2455321,1
4.704698462,160.2118222,1
7.976900874,234.7793796,1
6.809644515,179.7195206,1
,177.6853558,1
6.967696683,177.0558901,1
6.44455517,166.6351805,1
6.277742483,149.5632817,1
,166.9229798,1
9.014356734,225.3675192,1
7.78166376,216.7828813,1
6.084360116,155.2714251,1
7.15473588,198.1473265,1
6.74881155,166.3909151,1
8.128270069,231.1675375,1
,205.2351938,1
6.335683142,164.0703716,1
5.940475876,175.6377301,1
7.614877639,246.0308561,1
6.718249445,197.6174938,1
6.866356515,185.6314869,1
,142.2774127,1
7.553844615,212.2644411,1
7.366671989,234.2006412,1
6.567759613,187.6663787,1
6.333640046,185.4363401,1
5.892413186,139.3622529,1
7.91803917,197.3575883,1
6.549124998,194.2768568,1
6.804796145,223.9957005,1
,203.0543097,1
7.17617087,206.2949006,1
7.085095883,206.6766753,1
7.201702375,147.7110861,1
7.776044113,215.5337952,1
,209.7519548,1
7.046548537,128.4825174,1
,199.8458748,1
7.732880078,189.5098115,1
6.266799948,187.8296169,1
6.630251709,160.9203841,1
6.775631133,154.3725428,1
,204.7372919,1
8.164992426,278.3403578,1
7.773758137,251.4628444,1
7.295141332,182.4066446,1
,129.8832965,1
7.657541728,230.8200077,1
7.664793523,223.5784735,1
,209.8660948,1
7.800421289,210.6703042,1
7.264069097,216.6223922,1
7.544305636,211.0511462,1
7.749773784,229.4897671,1
7.442023084,194.7638713,1
6.559252621,164.6359208,1
7.035036795,220.5018877,1
7.880685943,226.0038444,1
7.498372459,236.714399,1
,200.9699224,1
6.538207173,214.9928661,1
6.373288071,180.9589048,1
5.756475689,171.9718037,1
6.918062438,188.9128648,1
8.81350466,236.392817,1
7.361599832,231.7931825,1
9.175586153,281.5942349,1
,192.7422753,1
6.550877193,145.8062707,1
6.510855611,223.8606218,1
7.347030356,199.6137208,1
8.11195317,217.2664724,1
,237.0839483,1
5.985012451,151.3609669,1
,212.7053322,1
,161.0389711,1
6.433722353,177.2525105,1
6.770095146,201.6508542,1
7.927969553,224.7210589,1
7.338826111,229.9786941,1
7.078361074,198.412447,1
6.751668627,176.7931521,1
7.744125219,203.3962271,1
7.560392023,223.23225,1
7.830607591,213.2492578,1
6.746934968,154.3321616,1
6.542281787,146.0553835,1
8.549692514,236.8615046,1
7.499844502,231.5388683,1
5.763772807,183.0736286,1
7.276863125,165.7979519,1
7.493290816,216.3818796,1
6.11602398,158.7289014,1
5.226895232,127.1175552,1
,255.9535993,1
6.420640206,180.2929997,1
7.669012537,205.5956353,1
7.128062255,191.4008206,1
,108.9166292,1
6.615350135,179.2406613,1
6.504876222,159.1821388,1
7.459124173,195.0287168,1
,221.6731343,1
7.096047101,221.5082446,1
6.989442177,197.6858385,0
,184.7413941,0
8.297725878,222.4363212,0
3.84645395,211.7572051,0
,174.9177243,0
9.380007092,166.2697567,0
8.998375023,169.22833,0
5.690387424,241.2157295,0
7.301563449,177.6628947,0
7.031684051,201.0021059,0
4.348674993,197.276364,0
5.29419539,234.2713991,0
7.257930995,187.7656217,0
9.250491639,184.4420107,0
9.680474778,199.5316664,0
,184.9937315,0
6.741245821,196.8330011,0
6.81170227,261.3895652,0
6.966942962,222.890265,0
7.446089059,179.1468362,0
6.210647606,192.2167384,0
7.341547112,187.6724024,0
7.051396426,187.4188826,0
6.64261391,226.5278319,0
10.14629048,242.1517339,0
14,235.6774576,0
8.4695373,128.6200791,0
6.043212071,151.1483219,0
5.84111884,194.6168939,0
8.114665426,236.4932747,0
5.585116998,143.505413,0
5.903993501,196.2747258,0
10.28412608,249.3241987,0
9.57822672,205.7487423,0
7.094830834,139.9068664,0
,210.7447082,0
9.687260028,190.1628691,0
6.52744059,181.0729954,0
,193.6294863,0
7.744772552,208.9203404,0
8.28922427,191.8588051,0
7.249257333,223.7035403,0
7.744098531,219.6587223,0
,214.2160603,0
6.890274539,185.7441467,0
6.047380857,230.5862845,0
11.56876797,192.9244476,0
10.16483856,194.3028009,0
8.722311224,145.2466176,0
3.717703935,183.3494308,0
4.894278074,184.5527153,0
6.071183422,138.2239834,0
9.032563451,156.265649,0
9.913703797,160.0982475,0
,165.7402292,0
4.229224559,207.6692294,0
9.135451944,233.1753316,0
3.906567514,152.8188461,0
7.384048888,148.2961767,0
,180.6805981,0
8.524296363,141.8102426,0
5.706130889,199.1178269,0
3.71517136,199.0833926,0
6.519847784,183.2259978,0
7.910640914,190.4275996,0
6.587464617,211.1692769,0
4.30002934,218.319886,0
8.575939174,215.1367211,0
8.884934503,145.2777064,0
10.5047602,143.7674977,0
,219.0746457,0
6.946717558,214.1700432,0
8.107091815,213.029273,0
4.908899724,161.2431922,0
5.098967068,197.1426366,0
6.093091914,208.9080219,0
10.03393346,213.6474186,0
8.978997745,213.0917715,0
5.514747799,228.7359237,0
,200.8398944,0
6.731278124,229.1288895,0
7.191962029,228.4099426,0
,190.3826039,0
7.12771121,173.6901017,0
5.632040992,203.7304807,0
,184.0200288,0
7.95502634,244.3958981,0
7.775049501,195.178742,0
5.168340328,206.2697552,0
7.66752086,163.3458187,0
7.272362197,229.0871406,0
3.691932693,202.5120678,0
,221.1269627,0
7.692523534,220.8191517,0
8.157518083,236.3444402,0
7.187765846,184.156604,0
5.689554344,202.3647229,0
8.758824521,197.2152104,0
9.814247469,177.7122169,0
9.969273221,237.0228631,0
,179.1549564,0
9.14912671,162.6832745,0
,146.2503249,0
5.840811554,157.8825745,0
,209.9532784,0
4.98167205,220.9505584,0
5.423318496,185.9031794,0
4.838571107,241.1359754,0
7.904053371,217.7716313,0
6.744064261,158.534831,0
8.66397482,206.9231635,0
4.161111968,181.7363887,0
8.515977267,212.3046285,0
9.99980746,215.108978,0
7.038092306,204.923285,0
2.803563057,186.1239242,0
5.972599968,186.4674699,0
8.180755326,178.0796383,0
7.010243376,162.1232404,0
8.179890443,258.9019393,0
,162.5126841,0
6.865125275,216.7444577,0
7.950816584,147.117918,0
,204.2582632,0
9.581188523,223.2962164,0
7.274756855,195.1180298,0
,260.8450393,0
8.026773256,169.333843,0
7.879543234,170.1909123,0
6.44897109,237.4610992,0
5.189413669,171.2389255,0
6.538084087,197.4281988,0
5.91580675,195.7440741,0
8.136497869,184.2318535,0
,187.8732835,0
6.493764175,205.1505644,0
,205.3385456,0
6.977405633,205.5634995,0
5.489248055,134.5602761,0
2.558102799,147.490575,0
7.312109304,199.8129989,0
8.55409697,191.7084136,0
6.704431913,148.8421293,0
,194.7191859,0
8.028304242,204.7837347,0
,168.0424651,0
8.616824426,228.7629452,0
9.46712903,169.2144075,0
6.793698635,227.2257507,0
,229.7253484,0
,188.3950234,0
5.486058602,186.695632,0
5.05074838,191.7222061,0
6.246117565,199.0989733,0
8.142330913,221.7523485,0
6.852899085,158.0797913,0
8.801933555,225.8954683,0
,200.3086526,0
8.383761691,156.9518646,0
6.47613984,215.7217686,0
9.894562129,128.5857327,0
4.808039747,186.1605703,0
10.5779305,278.0363603,0
6.30497166,249.0826006,0
7.822491883,208.6367198,0
7.989376234,191.9361915,0
9.671796765,130.6083633,0
5.941265556,179.9548616,0
5.574755848,189.7006648,0
7.610509211,208.817812,0
7.102446618,243.4129415,0
5.152739799,185.3422374,0
7.301463638,205.7218803,0
6.104925814,241.1757181,0
6.001382441,186.8844221,0
,153.0351078,0
7.885678999,207.8213035,0
,159.8328807,0
7.679090583,204.8599936,0
,163.9572402,0
10.39194239,262.7417703,0
6.714862378,236.5420506,0
7.349653377,235.2108763,0
,196.0829665,0
7.345138417,202.174463,0
10.14708958,177.8213115,0
6.380717315,266.0154103,0
7.940646964,181.7713069,0
,197.7136387,0
7.78673469,192.179739,0
6.323040314,227.5539717,0
,170.2914262,0
6.645657378,170.2697154,0
6.014539831,205.4829398,0
10.08677124,189.7323791,0
5.16622597,135.7121661,0
5.573201157,229.1749865,0
9.494558726,254.534457,0
9.036504348,199.3218895,0
4.400509039,119.3340356,0
6.975392341,205.9402462,0
6.68774978,160.260964,0
6.867521704,182.6721689,0
6.155249161,159.5195018,0
8.3032638,232.4146727,0
8.641634075,206.3419731,0
,219.6742619,0
7.348611231,214.7158899,0
7.573905933,206.2042016,0
7.855906368,209.7518024,0
,181.3897158,0
3.798391049,189.6185279,0
,234.5118487,0
11.23542596,178.5964959,0
6.396341051,126.4907445,0
,222.9806296,0
5.228506322,191.6637972,0
6.512239645,198.5646772,0
7.83431924,171.2887849,0
7.388292039,178.3440598,0
6.020653841,197.46909,0
8.388322494,256.2340072,0
8.384296439,223.3281852,0
7.393977957,209.6192142,0
,235.7897941,0
8.384623152,166.8783797,0
7.094802143,222.501306,0
6.565319432,141.5918405,0
6.38171958,199.6350277,0
7.539742095,201.9593172,0
10.62882091,193.4331628,0
9.228484209,200.7103304,0
10.52460198,256.1723234,0
,229.740962,0
6.021265943,236.9754961,0
,236.2048888,0
5.973951249,182.1433283,0
6.217579612,189.3422247,0
,175.8339443,0
9.130607244,226.4037413,0
,283.409568,0
6.095511875,200.0458176,0
6.195254905,170.002291,0
5.814564234,184.5417086,0
6.756659807,212.6418576,0
,172.1115139,0
6.36997353,128.6168685,0
6.601407395,205.6210217,0
5.651933841,139.0499167,0
7.606066882,248.0414533,0
2.97442941,147.1486747,1
,181.5624055,1
,232.098339,1
8.111101031,198.7681953,1
7.116132606,204.0407822,1
5.280292296,164.0573887,1
,167.1044296,1
9.808258179,220.0495744,1
,172.2146828,1
8.018831607,197.7855879,1
6.603640717,206.9197426,1
6.450805743,198.4931562,1
6.26637841,163.3854045,1
,144.9957904,1
5.161878763,179.6364093,1
6.98440553,181.7073433,1
6.791992649,210.4079665,1
8.30922771,198.3368998,1
5.057736411,137.6893436,1
6.908272154,211.1055511,1
7.243409879,188.0462961,1
6.164480227,189.0587564,1
9.16099754,241.3830971,1
5.277875568,166.7330068,1
3.975752658,135.891978,1
5.685216463,154.570002,1
6.93365391,217.7703164,1
7.464485186,227.0000192,1
6.071838864,217.8265309,1
7.136102613,186.5827058,1
,182.1139464,1
6.328553081,192.0765151,1
6.150595718,169.4027765,1
,205.6660157,1
5.508155526,192.2265463,1
4.761105185,150.0745333,1
10.49074403,221.0292598,1
6.676137319,192.6858491,1
7.973307535,237.4971525,1
7.352146038,208.3244757,1
6.990800831,222.9437479,1
5.468360932,180.3823635,1
7.835906989,206.6657881,1
2.538115773,100.8065197,1
8.423084472,153.0328916,1
7.617014109,214.4043627,1
7.617033494,242.9894019,1
5.429334842,183.4393825,1
,215.491606,1
5.495975999,150.5345189,1
5.092757239,239.7409161,1
6.252810211,187.5694791,1
6.747415283,250.4195546,1
6.640862809,215.0608669,1
,138.5257115,1
7.300990131,182.4476973,1
5.498514693,180.8251138,1
5.652501287,187.8311802,1
6.164927293,206.0405843,1
7.851925692,235.3383115,1
7.22168944,203.0690286,1
6.578083891,214.1463342,1
7.859489939,211.3110286,1
6.073684981,140.9261955,1
,208.2562835,1
6.407963336,199.131726,1
8.64664295,201.4390645,1
7.184697763,189.7583964,1
6.93208503,205.3384822,1
6.174750579,138.513588,1
9.54025224,224.0545823,1
6.888842932,188.9206706,1
8.174186267,244.2490458,1
8.756926859,218.6377589,1
4.740056688,176.6556313,1
8.764495619,210.851346,1
7.899451562,210.7341239,1
7.40265315,182.9993814,1
5.800034177,181.453515,1
7.089184187,179.0458381,1
7.852206664,169.0283786,1
4.9456947,170.4409206,1
9.77693205,213.9150797,1
5.15348864,107.3419819,1
6.884981084,138.4401107,1
7.608750191,192.8566437,1
,210.0976079,1
4.901906856,141.9307813,1
5.711212506,145.8258687,1
7.476689512,162.0087031,1
7.033495055,191.8802166,1
,152.5374184,1
,189.0010861,1
8.655298873,222.2687935,1
,177.2020103,1
8.304334653,155.5699415,1
7.717076952,211.6813272,1
7.555822759,190.4619173,1
4.881729594,136.9904663,1
8.311271181,206.1077584,1
3.800431282,111.2464116,1
4.08359488,201.9386434,1
,201.572046,1
4.865069696,174.0604565,1
9.624726886,217.3727797,1
5.188776875,178.9932688,1
7.842979001,200.8296742,1
5.916930488,185.9250211,1
5.72968912,173.9750271,1
5.678220967,143.1865077,1
7.38658182,191.5855655,1
7.519227463,210.3847904,1
7.446225785,241.5738621,1
7.753936118,220.0982788,1
9.159660477,195.4233158,1
7.496990927,246.8635806,1
7.542300167,230.1505401,1
7.15905299,161.4787104,1
,116.9054793,1
5.844673796,147.1798038,1
,201.8278485,1
5.258414737,210.9294949,1
7.420640789,212.7355853,1
7.074251444,208.9203689,1
8.189213851,156.3284648,1
7.744130994,185.5676184,1
8.289857906,222.4839312,1
8.025220021,213.5197221,1
8.848927372,262.5983294,1
6.438421804,202.5378353,1
,179.7962052,1
8.205550719,204.6658287,1
8.310373672,201.6516668,1
,240.0362787,1
7.833970824,240.8325285,1
8.142660401,220.6309721,1
5.896432475,165.1356578,1
,228.1094592,1
4.3107015,138.4318942,1
7.895769121,168.7240474,1
6.862995092,184.4806587,1
6.30476863,213.6561777,1
6.578680569,203.4088155,1
8.96724411,266.4787427,1
,166.404968,1
7.423088086,210.0461969,1
9.166758133,184.5574343,1
8.468694415,151.9543007,1
6.48615266,224.8094556,1
4.439095783,190.1534488,1
7.79278353,187.912476,1
7.205218264,188.9113121,1
6.569053876,208.7314537,1
,182.2578143,1
4.29168773,124.0073498,1
,176.4136378,1
4.921093903,162.3005936,1
6.727185265,197.439216,1
5.757088957,148.9891464,1
5.842359064,217.3247995,1
8.848103019,248.5677404,0
5.866250668,146.8656798,0
6.020995363,178.500297,0
7.529929503,171.8141968,0
6.649705311,190.5319471,0
5.097786226,182.8190154,0
6.483994508,180.4450513,0
,253.1496512,0
5.669699209,199.6626368,0
8.127710424,203.0703085,0
9.106916915,209.609618,0
7.575757884,203.8843728,0
8.246369054,207.1721681,0
2.945469061,126.7481003,0
4.964070342,168.2833649,0
4.99139689,141.6223953,0
5.04562573,179.7025031,0
,206.2634178,0
11.06945629,256.2019803,0
5.775330889,169.7281695,0
9.012100313,268.6792987,0
4.031610444,145.483239,0
7.882123947,235.4664047,0
8.759488715,219.92139,0
6.653649515,172.5845122,0
,179.9623512,0
4.473882085,120.1019079,0
9.349469962,252.1484987,0
6.862936026,220.1478891,0
8.261405952,208.1880859,0
8.860324242,233.625145,0
7.49651068,207.137328,0
10.16417334,243.6065076,0
,167.4661915,0
6.039823242,164.0263403,0
,183.4888388,0
6.057904774,149.1227941,0
8.005016372,187.2305346,0
,193.4624198,0
7.038347517,199.5979428,0
,202.5694674,0
8.237091874,212.8185629,0
6.574083864,186.9442114,0
7.33810761,188.8541693,0
4.851103882,146.6272367,0
6.917920216,223.3329586,0
6.709336439,226.4275859,0
6.894050879,170.5712978,0
9.864727092,278.0814463,0
,210.2049213,0
8.039696863,233.8562191,0
9.824706476,218.0195299,0
10.88730499,283.8958638,0
9.831401691,263.6327218,0
6.528479453,176.9396759,0
4.09141145,146.7899381,0
,197.712183,0
,232.864391,0
,192.6176623,0
6.175164949,193.2826017,0
8.736126384,257.2313286,0
8.240945815,245.090825,0
9.152284709,229.5404126,0
,208.8377106,0
6.317576554,143.2999595,0
5.692124157,165.9062804,0
,201.8337199,0
,139.9553504,0
7.191493719,175.4607816,0
7.381108534,188.3143778,0
6.17251737,187.7870171,0
9.076317994,215.9127233,0
8.85411954,222.9651976,0
6.768060049,179.8059924,0
,207.0591139,0
8.543216837,183.9078604,0
9.564853066,251.8066655,0
5.49978773,150.07609,0
5.195920669,175.1571552,0
7.283913577,197.6021251,0
5.872439859,185.403976,0
5.735723555,158.3187408,0
6.158424006,176.0314499,0
7.294364433,191.7736202,0
7.054266774,212.4291243,0
,199.9422222,0
3.148712285,142.2720842,0
5.665266377,162.8900831,0
8.310938776,245.7196095,0
7.096098311,206.8278179,0
7.957113516,199.1075048,0
7.400238581,218.8248126,0
9.734619708,244.9286656,0
8.037761108,199.2139707,0
,250.572683,0
5.681810748,151.0859374,0
8.394509585,224.3471475,0
8.528292138,227.6862066,0
6.238053654,178.2980513,0
5.870615501,186.1783756,0
6.433726195,176.857122,0
6.069363894,200.9162625,0
6.660461917,229.3393324,0
7.506111457,188.2218125,0
5.895145558,192.0413691,0
6.449236657,218.9072878,0
8.550525459,209.6824662,0
7.12263744,183.4026482,0
8.558663124,214.1073248,0
4.624304291,121.0363186,0
,143.099103,0
6.091382724,192.1210523,0
9.658661976,240.3488204,0
8.115624507,200.099013,0
,209.1645178,0
6.914868152,206.249937,0
7.337924402,188.7993021,0
7.766114454,212.317666,0
8.433974836,240.077927,0
6.891549222,184.0746276,0
5.946160789,190.5515721,0
6.363836378,207.4224363,0
5.331799285,149.9550474,0
,232.6001511,0
8.466013448,224.1749356,0
7.426274011,192.1452539,0
11.21913474,237.5826728,0
5.708517435,187.0817579,0
6.559627885,152.1152127,0
5.606315226,190.3352728,0
,183.2199042,0
,187.0191854,0
,223.890412,0
7.539337776,227.3161279,0
8.849702725,197.7790469,0
7.682762474,211.6638524,0
,172.9682028,0
6.448191032,181.5898853,0
10.19941269,256.7043382,0
7.76618666,223.0578346,0
,191.3013594,0
9.756577628,244.4613421,0
,159.399398,0
6.406797813,182.8851372,0
,253.0543889,0
8.445219159,228.5228602,0
4.137044913,116.3382781,0
7.675913621,233.3007587,0
,243.6825583,0
5.70110097,170.4963111,0
6.376576427,177.5099898,0
5.517737316,190.6699278,0
3.854617678,131.3962531,0
7.558076302,253.8409045,0
7.387433763,214.2930323,0
7.763415107,193.7211194,0
,205.5518541,0
7.509350205,192.4679546,0
,119.8858103,0
5.057270546,155.4877245,0
5.830542049,165.4670247,0
5.859690474,163.4968949,0
8.891674051,184.8696062,0
10.15421907,244.2093846,0
,227.4326629,0
7.683156515,221.5753473,0
7.455541163,225.3141509,0
,217.9449791,0
4.81183249,150.4512796,0
5.720136479,182.4401599,0
9.961503137,276.6997645,0
3.230973106,120.7854495,0
10.18843265,286.5679908,0
6.262907282,185.9826516,0
7.399811394,229.7762645,0
9.271668544,256.2733925,0
4.704183667,169.9439136,0
8.65479265,218.1726596,0
8.018771949,228.1114626,0
8.189363356,229.6084993,0
9.341091803,230.4300559,0
,228.2519948,0
4.89196004,153.5062323,0
6.056817845,211.7658865,0
5.655117422,146.7620233,0
7.890263353,164.7080349,0
11.90773983,298.0986795,0
8.811472248,270.2095492,0
4.12658131,113.0244717,0
5.735358659,149.1716903,0
8.000775801,237.5192505,0
8.77504747,191.5268744,0
8.303831038,222.9500368,0
5.082241432,191.767047,0
5.813546488,184.0317758,0
3.422394164,141.300305,0
5.913374864,148.6079443,0
6.78302374,236.2788665,0
6.836059947,205.6677185,0
4.884388229,136.5577849,0
8.331553235,238.9924141,0
7.819659154,225.1068358,0
5.428356914,167.0173834,0
4.556656719,156.4229409,0
7.333003447,189.4479647,0
7.114386719,196.5339601,0
6.376950464,170.2270798,0
9.338235018,248.3760156,0
,130.5585615,0
8.93387761,278.2317536,0
10.60058999,274.9687829,0
6.838816707,196.1962133,0
5.600876517,183.573783,0
6.102533306,179.3972322,0
6.490922996,189.0315882,0
8.50697907,197.7451412,0
7.413288341,196.4523025,0
,252.4045646,0
7.586235788,190.8902193,0
7.103348375,249.5893587,0
6.153495924,163.205548,0
2.376768076,129.8639728,0
7.514835666,215.4395235,0
7.445189293,225.3977869,0
4.835297728,136.2950366,0
8.376279725,248.1328614,0
7.945909069,213.0664067,0
8.727778876,202.4195048,0
6.089430846,207.2671327,0
7.172323075,191.3894225,0
8.332953485,236.5324042,0
,231.9732976,0
4.563370643,152.9075606,0
,181.0806563,0
3.676844993,173.6777021,0
,169.3559272,0
7.889079735,208.4023672,0
5.525768545,188.1559799,0
4.858055602,159.6955543,0
3.272820098,145.4923058,0
7.117578658,186.1996804,0
7.822257363,200.0027932,0
4.334057806,155.8293504,0
,214.0353122,0
8.839583902,246.0664756,0
5.290666877,160.4320288,0
7.873271693,182.6466585,0
7.148440932,173.2728182,0
6.453605209,175.4793397,0
,189.8234177,1
5.654118943,171.7515509,1
7.650683237,239.4901476,1
6.418203057,173.4462138,1
6.848000113,199.7768139,1
6.991685153,152.9762171,1
5.924799469,111.4785818,1
7.526680395,192.1670961,1
,233.0634259,1
5.324641431,142.806978,1
9.038326069,227.3576593,1
5.945988643,151.6857971,1
6.195086858,195.4431596,1
9.062822325,246.629701,1
7.137428697,210.5027495,1
6.232010556,208.6681715,1
7.780868679,221.8444933,1
7.150046115,238.7982302,1
4.574124682,134.2012887,1
6.179312078,159.7732642,1
5.566328463,153.775514,1
,160.0950858,1
7.185167714,209.6831396,1
,160.9158149,1
6.990452677,225.9234458,1
5.810742057,151.8761719,1
7.444165852,211.4463238,1
4.374877632,144.2371807,1
6.602539772,174.6329772,1
6.857493758,233.210575,1
,176.7721861,1
6.789820821,197.3000144,1
8.560349291,244.7967052,1
,113.1759646,1
8.277058198,242.5592458,1
,157.7815547,1
6.921257043,158.2920574,1
5.63692356,159.13941,1
6.607503311,231.5657988,1
4.95141352,153.2121498,1
5.913132933,184.3931561,1
,232.4687267,1
5.796236902,156.3470946,1
5.039673104,154.4183296,1
6.163519015,185.7903173,1
6.339142826,167.4197106,1
7.610672776,193.6618705,1
5.782079034,200.4047947,1
6.451503543,179.5289254,1
,179.5780945,1
6.9204487,196.3194013,1
6.549187601,212.9221415,1
6.393231345,185.8361582,1
6.100245391,160.6082305,1
6.35943131,208.2030206,1
6.272474991,190.2007131,1
,161.2503306,1
7.493843861,197.3312909,1
7.635264692,205.0676314,1
9.097617417,263.8241202,1
8.040144167,224.863482,1
7.296908882,149.0794958,1
8.226808034,191.2786806,1
8.014183072,244.1200978,1
9.252893397,236.0987858,1
7.288112707,216.6124749,1
4.865444268,114.4638998,1
4.762828659,153.2970184,1
5.141506877,111.9940275,1
4.886379804,159.3179722,1
9.454119448,224.8171318,1
7.000523221,219.4426397,1
8.32398215,262.2185853,1
6.643158712,188.9135411,1
,208.2045307,1
6.758656471,190.3372799,1
8.628893415,186.6377119,1
9.794717849,254.4250664,1
5.376078292,185.5404778,1
5.603325961,207.8971872,1
8.592417714,228.6760357,1
7.266781486,178.2577102,1
8.064652809,214.816681,1
,222.2687211,1
6.336456502,185.680004,1
6.166348223,210.0865581,1
4.533399114,169.7352225,1
8.951652135,205.8923464,1
7.210773702,163.0472827,1
4.238282525,134.8895096,1
8.264090516,216.551887,1
7.893312711,220.3483203,1
4.85558776,145.7903699,1
5.230453969,152.0941694,1
7.017295399,170.1324465,1
4.941972157,166.7104405,1
9.638222268,226.4702151,1
7.33739985,176.7534996,1
,241.0669289,1
,181.6301496,1
8.257596525,208.4041656,1
8.31526762,229.7574461,1
,114.733545,1
7.171593555,250.2252965,1
6.941278904,180.817722,1
,256.9363777,1
6.888547603,179.6324755,1
6.833111019,178.6580737,1
8.247958056,195.5395359,1
8.9223798,278.6194482,1
7.356056778,234.7823016,1
,168.4095248,1
9.752703227,269.6403781,1
6.844141767,184.3930427,1
6.910765112,242.0913383,1
8.801846046,205.407825,1
6.283103588,236.8232145,1
6.35403811,227.2328954,1
5.92876734,192.0484204,1
6.823642006,170.328172,1
7.342231249,198.1688042,1
7.146019716,195.9221016,1
5.089387791,147.9952711,1
8.594217251,228.1609007,1
8.149437298,220.2037345,1
9.271578533,274.0213909,1
7.021617481,203.2011966,1
7.833361001,249.3400531,1
6.643734376,202.4136379,1
6.761413709,216.532498,1
7.243482154,196.9823786,1
7.990658239,211.2863423,1
7.612516823,225.4927928,1
6.080992869,182.413992,1
7.888424515,269.5729132,1
6.658833572,182.3895592,1
,208.3038326,1
7.22299756,179.5602904,1
,194.7139681,1
6.427720561,166.8502368,1
5.023380784,136.9768791,1
,192.057661,1
8.163999618,195.2124953,1
,202.8824295,1
5.272156459,181.732877,1
6.903074331,206.9225044,1
7.466558358,212.8160295,1
7.397650663,260.0833846,1
,154.9259717,1
,226.3185804,1
5.53953369,200.7116811,1
7.376161138,199.1701598,1
9.318613916,317.3381241,1
6.701940912,168.7454144,1
5.547576263,182.6447363,1
9.001822865,263.5141882,1
9.130768887,266.7449592,1
4.07792047,185.8523263,1
7.125211076,209.7467712,1
13.54124024,187.606792,0
7.171223723,199.1601753,0
,176.3866512,0
6.9777441,166.8455743,0
6.35716672,191.135512,0
,231.3051267,0
8.339436757,175.5967423,0
6.27695651,178.2639107,0
10.94747264,146.8830382,0
9.871791232,114.3714503,0
4.317187354,225.5145731,0
4.227537386,201.4474866,0
4.140077139,253.5998382,0
5.349997297,193.8081211,0
7.578014308,204.7304825,0
7.710137891,174.3505766,0
8.330743319,198.9958001,0
6.510972335,188.882919,0
,206.0362946,0
6.934310583,228.1944755,0
8.618653849,257.595883,0
8.460963964,236.8317807,0
4.004248333,210.4860088,0
3.762097646,196.0242554,0
3.795132905,178.4329195,0
5.660736311,232.7498537,0
9.396148399,224.7539568,0
13.34988856,152.7764554,0
,184.688395,0
7.817901281,221.0897082,0
,220.892705,0
1.431781555,228.1303829,0
6.970036694,182.8885886,0
10.85186035,166.7419493,0
6.58800729,244.9432199,0
9.00435217,222.4897832,0
,161.5788886,0
4.328282516,192.166324,0
7.417823927,243.304691,0
3.261669787,190.957355,0
,239.7579288,0
7.928831289,231.2522158,0
7.975329901,165.7142418,0
9.504157788,195.1092427,0
5.158722568,119.09384,0
3.923473633,227.7055381,0
,193.4622066,0
5.849778285,229.9366869,0
5.890870359,184.0557619,0
5.963479205,223.0316376,0
6.106759636,211.4544892,0
6.898932482,209.6364217,0
8.091812332,200.9733015,0
7.611982389,190.6628036,0
8.886979332,180.5639656,0
6.532097274,163.3962409,0
7.833980482,203.1694081,0
11.56316906,174.942862,0
6.782868548,196.1825585,0
8.28876546,211.4527443,0
0.97557799,221.2041143,0
7.528980405,225.3409863,0
9.764658134,119.1640103,0
10.19166524,211.5669045,0
2.92517432,260.4580411,0
,200.6619254,0
6.657793591,205.5431757,0
7.00523014,219.9219974,0
,178.0804423,0
6.227841922,183.309048,0
6.392760459,216.675543,0
6.088022489,162.278357,0
3.961389047,173.0296406,0
4.275159673,229.4431091,0
7.301903491,224.4678022,0
10.89348473,177.7343573,0
6.79809746,198.1163808,0
11.49670245,195.9894858,0
5.808238634,195.5145159,0
,183.521107,0
5.679330465,182.1452665,0
7.783305613,196.8159519,0
6.316470521,187.030116,0
8.605374455,217.0431275,0
,162.9785597,0
7.057552646,177.674305,0
4.850104171,186.6761758,0
,202.6143723,0
4.560916536,165.7731189,0
9.130828108,209.7430438,0
,185.121996,0
4.233558617,194.9750439,0
5.571019711,189.7282292,0
,155.3175616,0
8.527142498,217.3947785,0
4.570854413,194.9679452,0
8.903733775,194.2162752,0
9.45993051,222.8946593,0
6.040281662,139.7708723,0
,171.1666464,0
4.663492192,170.9518296,0
5.726336216,191.7522897,0
10.93311072,162.4249185,0
4.281522089,188.7835766,0
7.948488372,197.5945421,0
6.825647037,176.8410625,0
7.285371191,169.14919,0
5.984941215,180.7765617,0
5.368988344,250.660916,0
4.016590233,255.6165688,0
,254.1253888,0
7.719000805,196.0075184,0
5.983731294,221.557383,0
7.732601709,166.9868253,0
8.847880711,190.7008532,0
7.561832948,170.1751573,0
8.758560056,174.7286861,0
,188.4454695,0
3.832917409,218.72384,0
3.730128007,230.2994554,0
5.801571267,201.8924737,0
3.678431807,187.4967036,0
5.14358748,180.3826185,0
6.628256197,198.865743,0
,196.0835555,0
3.102075565,198.4886506,0
4.497585145,193.9365149,0
5.584124358,203.7564258,0
,205.0658791,0
10.33127328,166.4597795,0
9.130795899,200.0323483,0
4.618850847,199.3189129,0
6.931244178,207.5889535,0
5.602158585,264.5735151,0
7.520518927,228.5626115,0
5.58246982,172.3315842,0
7.992749619,193.6091377,0
8.210357973,210.2221122,0
9.901930594,206.7464692,0
,191.2586554,0
9.405875051,149.3082966,0
9.58789503,195.8371052,0
4.633202516,208.9080361,0
6.90111102,154.4740917,0
7.795557629,136.0906769,0
,215.4319194,0
0,214.846144,0
8.39826106,177.3472137,0
6.255149749,153.6404934,0
11.49685889,186.1252959,0
,200.7172066,0
9.347344621,201.6328357,0
11.62114013,203.7303679,0
10.33767086,163.2762252,0
,196.0517407,0
5.287982808,245.0234611,0
7.617524134,179.5961891,0
7.149124568,202.5825423,0
8.651389727,154.5469487,0
5.290004371,174.7384227,0
5.369584181,170.8351922,0
8.747271524,198.712228,0
8.040392261,200.6375759,0
8.550427815,206.5225659,0
7.739325711,207.7643262,0
7.104594899,201.6271172,0
6.988206155,144.2095352,0
7.86978187,184.0661691,0
8.85969604,194.5564817,0
7.39754401,184.8409249,0
5.174896032,205.5190186,0
,184.2182447,0
5.470981822,191.813046,0
6.711814601,232.2064284,0
4.933106138,162.1843817,0
6.260891634,188.0618054,0
7.693555235,224.3930365,0
5.622807135,194.4632389,0
6.174884306,193.0279603,0
5.039406776,194.4041705,0
7.756939183,219.5762151,0
9.809996387,139.1187027,0
8.479592799,200.765679,0
8.862867931,181.6653979,0
6.155738624,166.2929195,0
7.287286375,219.6951233,0
9.065894194,164.6748027,0
9.314522392,203.34165,0
9.759937781,182.7507999,0
7.985406394,200.1346975,0
8.108350799,202.5101941,0
8.243090986,214.5329902,0
10.28937961,162.7802521,0
3.989032078,216.0761379,0
,209.5316973,0
8.519639043,190.9949574,0
,169.5474107,0
,223.3766838,0
4.495357679,234.1919163,0
,193.0912601,0
5.620533436,226.9878364,0
8.552993665,199.5997844,0
,216.237975,0
10.2099558,148.3792348,0
,205.2336345,0
6.588207965,179.6991515,0
8.558388775,198.8888678,0
8.426906357,159.690251,0
7.207538608,174.805168,0
10.22768969,225.9191183,0
11.39054311,145.3419366,0
,199.3830906,0
6.580043295,220.5754664,0
10.81783108,141.4883912,0
5.093675135,251.3137795,0
5.264283802,142.5341263,0
7.971298747,151.0329296,0
8.35035104,239.8160046,0
,184.6148476,0
4.032060534,200.0679728,0
2.128531434,192.696422,0
9.842056294,217.8967725,0
7.664628097,150.6672097,0
,233.9931719,0
7.260319682,194.2477421,0
9.537878629,200.5575074,0
1.985383359,216.4800247,0
7.248991198,184.0710337,0
6.96820896,178.2173112,0
6.150553015,212.8193774,0
6.300755509,179.4527925,0
6.920799599,218.0986116,0
6.481890279,179.9197108,0
,208.9314576,0
7.309596474,193.4725961,0
5.967274228,187.085084,0
8.63127,164.3711691,0
9.172624519,165.6875477,0
,156.7731808,0
3.337628998,216.2570865,0
11.4497393,186.6526477,0
6.283678795,205.3766238,0
,192.4078764,0
8.761768405,212.4269518,0
6.61673069,195.0969675,0
7.734569203,230.9195059,0
6.971577182,185.9069376,0
4.709186747,179.1410182,0
5.23000319,176.7140234,0
5.27418539,227.340186,1
8.433443104,224.856089,1
6.847863212,234.9422029,1
7.26354507,160.4430648,1
6.733266883,191.3056274,1
,258.4472652,1
,232.9432383,1
7.777665366,233.7615788,1
6.103731305,184.3286927,1
6.665774201,155.7096794,1
,215.9406952,1
4.959852811,215.8548693,1
6.397905014,249.9692435,1
8.140344463,153.7481702,1
6.850625418,232.931196,1
6.71477688,185.9093028,1
4.337119469,207.3619066,1
8.433290824,161.195283,1
7.274212567,197.6609485,1
6.579184951,186.9868694,1
,240.6115167,1
8.651023363,188.7116365,1
8.357612993,163.0982545,1
,242.8275882,1
6.658741558,216.564702,1
10.50378654,125.9751853,1
6.332386866,186.8380279,1
,214.5936849,1
6.730427772,183.9152962,1
8.2977832,183.6141212,1
6.259267533,130.3742719,1
8.076126298,132.6703047,1
5.731042139,223.7049656,1
6.563356597,241.2863231,1
5.303764337,231.0187838,1
7.647871554,160.7743534,1
,139.1697436,1
7.95145117,185.4217237,1
8.832142261,176.8086608,1
8.250830009,184.3851244,1
5.860574155,240.8871444,1
8.182103306,186.6704959,1
7.889579345,153.5697384,1
8.713482927,169.5785262,1
6.185924892,236.0347826,1
9.079715109,222.0426312,1
8.379512703,164.1681664,1
9.221955642,151.4548307,1
9.370696575,157.7193644,1
7.487573364,149.7687439,1
6.028348785,225.6748716,1
6.283318587,228.5248386,1
5.666446145,142.1478106,1
6.985303737,219.5864399,1
7.273368228,175.0150826,1
7.449659686,193.0420805,1
7.618119572,202.715501,1
6.698153869,198.2862684,1
7.02729686,185.8386714,1
8.610963032,125.1587698,1
7.423586012,180.4538713,1
5.456680888,219.5198857,1
9.612898964,94.90897713,1
8.246919871,119.0282155,1
6.641174116,191.9168989,1
6.64606727,197.2220664,1
7.164478295,213.0024411,1
8.285071527,151.573778,1
6.110022206,234.800957,1
8.316663722,110.9035977,1
,184.9936984,1
9.004680613,173.7393301,1
6.886512603,211.4544174,1
9.293621613,193.0617225,1
6.985192202,133.4321324,1
5.094164361,223.1671255,1
6.150034401,188.4130554,1
6.18969926,224.4329493,1
7.497987815,185.8102808,1
6.965279872,162.6994499,1
5.412119545,272.5146852,1
7.503085765,186.713329,1
,209.1499888,1
8.581042821,153.7090925,1
5.530055021,207.9982202,1
8.743958545,197.7493254,1
9.05238369,120.0217261,1
8.077260886,125.3027194,1
6.682097359,228.3031856,1
4.731320076,230.9386935,1
9.241419974,127.9188262,1
5.628313272,192.3407437,1
4.857802624,222.3999901,1
8.430471662,195.7172935,1
6.81760838,219.3374288,1
5.91375532,175.3260619,1
,257.2354327,1
5.500276575,263.6831597,1
5.608623152,271.882219,1
5.609235359,216.1226734,1
,98.3679149,1
5.859822104,287.9755402,1
6.417716047,209.7024252,1
6.170526139,193.3355174,1
4.034063411,303.7026267,1
4.979468811,240.8134746,1
8.097453771,218.9924361,1
,198.2186999,1
8.468741063,132.4564835,1
7.870853412,210.6278246,1
7.679595096,200.0729284,1
7.226592711,207.8322291,1
,203.204659,1
8.659113027,114.8075784,1
,225.7541094,1
6.360195819,198.9114491,1
10.48560365,136.5773812,1
6.603416523,190.837308,1
5.713322921,196.2457057,1
4.767472455,256.4499172,1
9.609834365,227.3669492,1
9.186453377,169.1198051,1
9.960689858,169.9252485,1
6.102306794,205.999038,1
6.792655098,241.7244527,1
5.910539738,241.1407463,1
6.125810325,241.4435346,1
5.836104525,277.0657128,1
,188.5366085,1
10.66736393,173.3819454,1
8.628301074,185.9267231,1
6.26011129,211.5941125,1
10.80815694,198.5967508,1
7.371914156,148.1936976,1
4.825591458,234.7839038,1
4.868827135,258.6789588,1
7.395450847,190.4778917,1
8.86211271,131.6351765,1
6.00897361,225.0802338,1
7.607223911,160.565253,1
6.683367697,272.1116985,1
6.638411449,180.8266674,1
9.271355447,181.2596172,1
,134.7368557,1
3.629922065,244.1873915,1
8.378108023,198.5112127,1
6.923636014,260.5931543,1
5.893103408,239.2694815,1
8.197353369,203.1050914,1
8.372910285,169.0870522,1
8.989900091,215.0473579,1
6.702546553,207.3210857,1
11.49101091,94.81254522,1
6.069615757,186.6590397,1
4.668101687,193.6817355,1
7.808856018,193.5532116,1
9.419510316,175.7626463,1
5.126762923,230.6037575,1
7.874671358,195.1022986,1
